Date,Physician_ID,Drug_Prescribed,Units_Sold,Prescription
2024-08-11,P0842,NewDrug,,0
2026-08-20,P0186,NewDrug,8.0,0
2024-06-01,P0019,NewDrug,5.0,1
2026-02-28,P0469,NewDrug,5.0,1
2024-07-02,P0614,NewDrug,3.0,1
2025-12-30,P0994,NewDrug,1.0,1
2025-08-31,P0070,NewDrug,13.0,0
2024-02-22,P0166,NewDrug,1.0,1
2024-11-04,P0301,NewDrug,3.0,0
2025-05-03,P0963,NewDrug,10.0,1
2024-04-30,P0292,NewDrug,5.0,1
2025-04-20,P0980,NewDrug,5.0,1
2024-03-20,P0061,NewDrug,5.0,0
2026-03-06,P0529,NewDrug,6.0,0
2024-05-26,P0410,NewDrug,5.0,1
2026-06-21,P0326,,2.0,1
2026-01-04,P0932,NewDrug,4.0,0
2026-07-18,P0676,NewDrug,3.0,1
2025-05-18,P0817,NewDrug,2.0,1
2026-05-25,P0931,NewDrug,5.0,1
2025-01-16,P0339,NewDrug,2.0,1
2025-02-21,P0135,NewDrug,7.0,1
2025-12-27,P0998,NewDrug,5.0,1
2025-01-27,P0994,NewDrug,10.0,1
2026-09-03,P0551,NewDrug,4.0,0
2026-06-16,P0490,NewDrug,11.0,0
2024-03-27,P0952,NewDrug,4.0,1
2025-04-23,P0133,NewDrug,4.0,1
2025-08-27,P0094,NewDrug,3.0,0
2025-03-30,P0597,NewDrug,1.0,1
2025-01-11,P0328,NewDrug,7.0,0
2024-03-25,P0623,NewDrug,6.0,0
2026-07-26,P0450,,7.0,1
2024-12-15,P0656,NewDrug,10.0,1
2026-04-08,P0415,NewDrug,7.0,1
2026-04-01,P0182,NewDrug,6.0,0
2025-01-13,P0527,,7.0,0
2026-03-10,P0086,NewDrug,4.0,0
2024-01-07,P0969,NewDrug,5.0,0
2024-02-16,P0645,NewDrug,2.0,0
2024-06-23,P0862,NewDrug,8.0,1
2025-06-20,P0181,,5.0,1
2024-02-09,P0057,NewDrug,5.0,0
2025-05-27,P0110,NewDrug,5.0,1
2024-10-20,P0855,NewDrug,5.0,1
2024-06-13,P0211,NewDrug,7.0,0
2025-04-28,P0394,NewDrug,7.0,0
2025-05-23,P0797,NewDrug,4.0,1
2026-04-10,P0006,NewDrug,8.0,1
2025-06-25,P0030,NewDrug,7.0,0
2025-04-16,P0486,NewDrug,,0
2024-05-20,P0338,NewDrug,3.0,1
2025-06-23,P0202,NewDrug,1.0,0
2025-05-10,P0146,NewDrug,6.0,0
2025-07-02,P0544,NewDrug,4.0,1
2026-05-22,P0576,NewDrug,4.0,0
2025-05-14,P0086,NewDrug,4.0,0
2024-04-30,P0208,NewDrug,6.0,1
2026-02-23,P0637,NewDrug,5.0,0
2025-01-30,P0182,NewDrug,5.0,0
2025-11-27,P0251,NewDrug,2.0,0
2025-03-04,P0385,NewDrug,4.0,1
2026-04-12,P0569,NewDrug,3.0,1
2025-03-05,P0061,NewDrug,,0
2025-01-26,P0170,NewDrug,6.0,1
2024-09-15,P0198,NewDrug,6.0,0
2026-08-31,P0310,NewDrug,5.0,0
2025-12-22,P0062,NewDrug,5.0,1
2025-09-30,P0125,NewDrug,9.0,1
2024-06-20,P0859,NewDrug,6.0,0
2024-02-05,P0130,NewDrug,0.0,0
2025-11-14,P0271,NewDrug,1.0,1
2026-01-15,P0240,NewDrug,7.0,1
2024-08-05,P0793,NewDrug,4.0,1
2025-03-20,P0564,NewDrug,4.0,0
2025-08-28,P0806,NewDrug,5.0,1
2026-06-26,P0338,NewDrug,,1
2024-04-07,P0007,NewDrug,2.0,1
2024-03-16,P0732,NewDrug,6.0,1
2024-09-17,P0952,NewDrug,3.0,0
2025-11-25,P0394,NewDrug,9.0,1
2025-01-08,P0237,,6.0,0
2026-03-14,P0621,NewDrug,7.0,0
2026-08-14,P0296,NewDrug,7.0,0
2026-05-28,P0763,NewDrug,2.0,1
2024-02-09,P0996,NewDrug,5.0,1
2026-06-30,P0452,NewDrug,10.0,1
2026-05-29,P0480,NewDrug,5.0,0
2026-07-23,P0162,NewDrug,,1
2025-08-27,P0675,NewDrug,3.0,0
2025-05-08,P0717,NewDrug,6.0,1
2025-12-02,P0228,NewDrug,3.0,0
2026-02-28,P0370,NewDrug,,0
2025-08-07,P0921,NewDrug,5.0,1
2026-01-21,P0430,NewDrug,2.0,1
2025-10-21,P0471,NewDrug,8.0,0
2026-04-28,P0561,NewDrug,3.0,0
2024-05-10,P0767,NewDrug,2.0,1
2024-05-10,P0877,NewDrug,7.0,1
2026-02-05,P0330,NewDrug,10.0,0
2024-03-23,P0613,NewDrug,5.0,0
2024-05-23,P0516,NewDrug,6.0,0
2025-06-24,P0108,NewDrug,,0
2026-07-30,P0940,NewDrug,7.0,0
2025-11-08,P0867,NewDrug,3.0,0
2026-02-11,P0339,NewDrug,4.0,0
2026-02-20,P0135,NewDrug,3.0,0
2024-11-23,P0523,NewDrug,3.0,0
2025-02-23,P0905,NewDrug,7.0,0
2024-01-29,P0285,NewDrug,4.0,1
2025-02-18,P0789,NewDrug,2.0,0
2025-05-26,P0159,NewDrug,9.0,0
2026-01-14,P0577,NewDrug,6.0,1
2025-04-12,P0656,,4.0,1
2025-05-02,P0745,NewDrug,,0
2025-01-23,P0815,NewDrug,8.0,0
2025-12-24,P0598,NewDrug,6.0,0
2024-07-16,P0112,NewDrug,4.0,0
2024-11-01,P0473,NewDrug,3.0,1
2025-06-17,P0356,NewDrug,1.0,1
2026-06-19,P0686,NewDrug,3.0,0
2026-09-04,P0797,NewDrug,4.0,0
2025-10-03,P0209,NewDrug,5.0,1
2026-05-21,P0304,NewDrug,3.0,1
2024-11-19,P0899,NewDrug,,1
2025-02-16,P0729,NewDrug,,1
2024-06-09,P0475,,5.0,1
2024-05-11,P0542,NewDrug,5.0,1
2024-04-11,P0129,NewDrug,4.0,0
2025-03-24,P0460,NewDrug,9.0,1
2026-05-15,P0166,,5.0,0
2025-08-06,P0727,NewDrug,6.0,0
2025-05-29,P0722,NewDrug,4.0,0
2025-09-06,P0856,NewDrug,4.0,0
2024-10-28,P0902,NewDrug,3.0,1
2025-12-27,P0642,NewDrug,5.0,0
2025-03-01,P0791,NewDrug,2.0,1
2025-06-09,P0311,NewDrug,5.0,0
2025-06-04,P0594,NewDrug,6.0,0
2024-02-28,P0211,NewDrug,4.0,0
2024-12-28,P0375,NewDrug,7.0,0
2026-05-18,P0798,NewDrug,2.0,1
2024-02-04,P0843,NewDrug,7.0,1
2025-02-06,P0582,NewDrug,5.0,1
2024-07-06,P0093,NewDrug,2.0,0
2024-10-17,P0441,NewDrug,5.0,1
2024-07-28,P0453,NewDrug,5.0,1
2024-05-04,P0635,NewDrug,10.0,1
2024-08-24,P0867,NewDrug,,0
2025-02-02,P0775,NewDrug,1.0,1
2024-12-25,P0758,NewDrug,3.0,0
2024-07-28,P0011,NewDrug,3.0,0
2026-01-19,P0584,NewDrug,3.0,0
2026-01-09,P0136,NewDrug,4.0,0
2024-06-18,P0469,NewDrug,9.0,1
2024-11-25,P0365,NewDrug,3.0,0
2025-01-28,P0123,NewDrug,4.0,0
2026-07-04,P0703,NewDrug,5.0,0
2025-05-08,P0145,NewDrug,6.0,1
2025-08-06,P0718,NewDrug,6.0,0
2026-04-13,P0063,NewDrug,9.0,0
2026-06-05,P0073,NewDrug,5.0,0
2025-08-12,P0590,NewDrug,,0
2025-06-08,P0189,NewDrug,5.0,1
2024-07-16,P0474,NewDrug,5.0,0
2026-02-11,P0324,NewDrug,4.0,1
2024-01-15,P0074,NewDrug,11.0,1
2026-01-07,P0191,NewDrug,,0
2024-10-11,P0104,NewDrug,1.0,0
2025-03-24,P0466,NewDrug,3.0,1
2025-11-23,P0649,NewDrug,4.0,0
2026-08-23,P0006,,3.0,0
2025-06-20,P0707,NewDrug,4.0,1
2024-11-16,P0133,NewDrug,2.0,0
2026-01-13,P0189,NewDrug,6.0,0
2025-05-25,P0694,NewDrug,2.0,1
2026-01-15,P0281,NewDrug,6.0,1
2025-07-06,P0924,NewDrug,,1
2024-09-10,P0358,NewDrug,5.0,1
2025-07-02,P0013,NewDrug,3.0,1
2026-03-22,P0062,NewDrug,,0
2024-05-05,P0507,NewDrug,7.0,1
2025-08-11,P0974,NewDrug,6.0,0
2025-05-29,P0835,NewDrug,3.0,1
2026-01-02,P0915,NewDrug,3.0,1
2024-11-04,P0989,NewDrug,4.0,0
2024-08-23,P0259,NewDrug,2.0,1
2025-08-07,P0131,NewDrug,5.0,1
2024-11-29,P0345,NewDrug,4.0,0
2026-02-19,P0962,NewDrug,5.0,1
2026-06-15,P0275,NewDrug,5.0,1
2026-01-31,P0436,NewDrug,5.0,1
2025-07-18,P0362,NewDrug,6.0,0
2024-03-14,P0303,NewDrug,9.0,1
2026-04-13,P0604,NewDrug,4.0,0
2025-04-14,P0568,NewDrug,,1
2024-01-02,P0518,NewDrug,5.0,1
2026-06-05,P0846,NewDrug,6.0,1
2024-11-20,P0356,NewDrug,6.0,0
2025-04-11,P0703,NewDrug,7.0,1
2024-09-09,P0700,NewDrug,8.0,0
2024-04-13,P0916,,2.0,1
2026-04-02,P0734,NewDrug,6.0,1
2024-06-15,P0776,NewDrug,4.0,1
2025-09-02,P0983,NewDrug,10.0,1
2024-12-08,P0432,NewDrug,6.0,0
2024-09-12,P0466,NewDrug,3.0,1
2026-09-07,P0971,NewDrug,2.0,0
2025-09-05,P0687,NewDrug,5.0,0
2025-11-21,P0600,NewDrug,9.0,1
2024-05-19,P0505,NewDrug,6.0,1
2026-09-26,P0626,NewDrug,7.0,0
2024-09-16,P0085,NewDrug,5.0,1
2025-10-08,P0660,NewDrug,9.0,1
2026-07-03,P0841,NewDrug,7.0,1
2026-05-17,P0728,NewDrug,7.0,0
2026-06-03,P0537,NewDrug,3.0,1
2024-10-22,P0372,,,1
2025-02-19,P0048,NewDrug,10.0,1
2025-10-13,P0410,NewDrug,8.0,0
2026-06-25,P0289,NewDrug,4.0,0
2024-01-23,P0266,NewDrug,7.0,0
2024-09-01,P0036,NewDrug,5.0,1
2025-12-02,P0730,NewDrug,5.0,1
2025-01-30,P0162,NewDrug,7.0,0
2024-01-07,P0736,NewDrug,2.0,1
2025-04-18,P0783,,1.0,1
2025-10-10,P0143,NewDrug,7.0,1
2024-03-16,P0134,NewDrug,5.0,1
2025-02-13,P0128,NewDrug,7.0,0
2026-08-03,P0899,NewDrug,8.0,1
2025-10-13,P0582,NewDrug,6.0,1
2024-10-25,P0264,NewDrug,6.0,1
2025-02-10,P0792,NewDrug,10.0,1
2026-03-26,P0072,NewDrug,3.0,0
2024-12-21,P0949,NewDrug,4.0,1
2024-07-02,P0936,NewDrug,0.0,0
2026-07-28,P0459,NewDrug,4.0,1
2025-02-03,P0587,NewDrug,2.0,0
2026-06-05,P0867,NewDrug,5.0,0
2025-10-02,P0409,NewDrug,6.0,0
2024-03-31,P0410,NewDrug,3.0,1
2024-07-09,P0916,NewDrug,3.0,1
2024-05-07,P0630,NewDrug,11.0,0
2024-11-07,P0146,NewDrug,3.0,1
2026-08-25,P0985,NewDrug,5.0,0
2024-05-01,P0901,NewDrug,2.0,0
2025-06-17,P0368,NewDrug,5.0,0
2024-02-15,P0666,NewDrug,5.0,1
2024-05-07,P0657,NewDrug,3.0,1
2025-09-06,P0775,NewDrug,4.0,0
2025-03-12,P0679,NewDrug,,0
2024-09-02,P0532,NewDrug,5.0,0
2026-08-19,P0042,NewDrug,6.0,0
2025-08-19,P0930,,4.0,1
2025-06-27,P0053,NewDrug,6.0,0
2025-07-13,P0379,NewDrug,,1
2025-12-17,P0368,NewDrug,3.0,0
2024-01-15,P0088,NewDrug,9.0,1
2026-02-08,P0198,NewDrug,12.0,0
2025-06-08,P0801,NewDrug,0.0,0
2024-05-27,P0725,NewDrug,2.0,0
2024-01-08,P0477,NewDrug,10.0,0
2024-01-05,P0514,NewDrug,4.0,1
2024-07-13,P0858,NewDrug,4.0,0
2026-03-15,P0307,NewDrug,5.0,1
2025-11-15,P0989,NewDrug,3.0,1
2025-05-30,P0226,NewDrug,5.0,0
2026-02-27,P0672,NewDrug,7.0,0
2026-08-11,P0799,NewDrug,5.0,1
2025-03-19,P0893,NewDrug,3.0,1
2026-08-06,P0890,NewDrug,3.0,1
2024-12-20,P0704,NewDrug,3.0,1
2026-01-23,P0885,NewDrug,5.0,1
2026-07-03,P0568,NewDrug,,1
2026-01-05,P0116,NewDrug,7.0,0
2025-11-30,P0898,NewDrug,1.0,0
2024-01-15,P0058,NewDrug,,1
2024-05-07,P0676,,4.0,0
2026-02-26,P0157,NewDrug,4.0,1
2025-07-07,P0157,NewDrug,4.0,1
2024-07-04,P0714,NewDrug,5.0,0
2024-10-27,P0191,NewDrug,6.0,1
2025-04-26,P0977,NewDrug,6.0,0
2025-05-31,P0121,NewDrug,4.0,0
2025-04-25,P0590,NewDrug,2.0,1
2024-10-03,P0258,NewDrug,7.0,1
2024-01-09,P0107,NewDrug,1.0,0
2025-07-30,P0253,NewDrug,,0
2024-01-31,P0431,NewDrug,3.0,0
2025-03-13,P0079,NewDrug,3.0,1
2024-03-18,P0129,NewDrug,5.0,0
2024-12-12,P0570,NewDrug,6.0,0
2026-07-25,P0120,NewDrug,,1
2026-07-13,P0989,NewDrug,6.0,1
2024-04-03,P0560,NewDrug,,0
2025-05-22,P0479,NewDrug,5.0,1
2024-04-09,P0028,NewDrug,5.0,1
2025-02-12,P0620,,4.0,1
2024-06-20,P0370,NewDrug,8.0,1
2024-12-26,P0072,NewDrug,5.0,0
2024-07-25,P0065,NewDrug,5.0,0
2025-01-28,P0958,NewDrug,5.0,0
2025-01-30,P0652,NewDrug,6.0,1
2024-11-17,P0553,NewDrug,6.0,1
2025-02-07,P0365,NewDrug,8.0,0
2026-02-03,P0274,NewDrug,4.0,1
2025-12-13,P0020,,6.0,0
2024-04-01,P0675,NewDrug,7.0,1
2026-01-28,P0628,NewDrug,6.0,1
2025-10-22,P0983,NewDrug,3.0,1
2026-05-26,P0632,NewDrug,3.0,0
2024-03-24,P0405,NewDrug,2.0,1
2026-03-21,P0301,NewDrug,4.0,0
2025-05-25,P0366,NewDrug,2.0,1
2024-08-12,P0451,NewDrug,4.0,1
2025-03-25,P0139,NewDrug,,1
2026-07-04,P0203,NewDrug,8.0,0
2026-02-23,P0832,NewDrug,5.0,0
2026-06-05,P0713,NewDrug,5.0,1
2024-05-02,P0448,NewDrug,4.0,0
2025-12-02,P0882,NewDrug,4.0,0
2025-10-07,P0649,NewDrug,4.0,0
2024-08-05,P0314,NewDrug,9.0,1
2024-01-04,P0549,NewDrug,,1
2024-12-01,P0823,NewDrug,6.0,0
2025-01-30,P0671,NewDrug,4.0,0
2025-02-23,P0005,,4.0,0
2024-02-14,P0291,NewDrug,10.0,0
2026-01-06,P0012,NewDrug,5.0,1
2024-08-09,P0442,NewDrug,3.0,1
2025-08-18,P0963,,5.0,1
2025-03-15,P0034,NewDrug,4.0,0
2024-03-18,P0518,NewDrug,8.0,1
2026-02-01,P0215,NewDrug,,1
2024-06-25,P0368,NewDrug,2.0,0
2024-12-11,P0128,NewDrug,8.0,0
2025-10-16,P0668,NewDrug,2.0,1
2026-06-09,P0332,NewDrug,8.0,1
2026-08-08,P0560,,5.0,0
2024-03-21,P0318,NewDrug,5.0,0
2025-01-10,P0530,NewDrug,7.0,1
2024-06-28,P0125,NewDrug,4.0,1
2025-09-23,P0375,NewDrug,6.0,0
2026-09-03,P0201,NewDrug,5.0,0
2025-03-19,P0952,NewDrug,9.0,1
2026-09-05,P0704,NewDrug,7.0,0
2025-11-06,P0371,NewDrug,10.0,0
2025-07-13,P0326,NewDrug,2.0,0
2024-08-01,P0177,NewDrug,4.0,1
2025-09-09,P0601,NewDrug,7.0,1
2024-07-07,P0865,NewDrug,,0
2026-04-16,P0290,NewDrug,3.0,0
2024-07-01,P0338,,5.0,1
2024-03-11,P0231,NewDrug,6.0,0
2026-07-04,P0027,NewDrug,4.0,1
2025-12-19,P0172,NewDrug,4.0,1
2025-11-18,P0599,NewDrug,5.0,0
2026-04-27,P0056,NewDrug,5.0,1
2025-02-25,P0194,NewDrug,1.0,1
2024-11-26,P0571,NewDrug,4.0,1
2026-03-31,P0518,NewDrug,,0
2025-03-16,P0691,NewDrug,6.0,0
2025-11-04,P0026,NewDrug,2.0,1
2025-06-20,P0283,,6.0,1
2024-03-02,P0506,NewDrug,2.0,1
2024-10-27,P0957,NewDrug,4.0,1
2024-05-01,P0716,NewDrug,5.0,0
2025-10-13,P0199,NewDrug,3.0,0
2025-03-23,P0510,NewDrug,3.0,0
2024-12-05,P0949,NewDrug,5.0,1
2025-06-13,P0239,NewDrug,4.0,0
2024-06-28,P0738,NewDrug,3.0,1
2024-12-27,P0028,NewDrug,,0
2025-11-01,P0781,NewDrug,7.0,0
2025-06-17,P0909,NewDrug,4.0,1
2025-09-06,P0938,NewDrug,4.0,0
2025-08-13,P0584,NewDrug,5.0,1
2024-11-17,P0140,NewDrug,10.0,0
2024-11-24,P0451,NewDrug,6.0,1
2025-07-04,P0093,NewDrug,5.0,0
2026-07-06,P0340,NewDrug,7.0,1
2026-03-11,P0105,NewDrug,2.0,1
2024-01-26,P0141,NewDrug,4.0,0
2025-02-26,P0371,NewDrug,5.0,0
2025-11-13,P0248,NewDrug,3.0,1
2026-01-29,P0086,,5.0,1
2025-03-11,P0314,NewDrug,5.0,1
2025-09-30,P0292,NewDrug,3.0,0
2024-05-30,P0681,NewDrug,3.0,0
2025-09-15,P0766,,,1
2026-07-21,P0098,NewDrug,6.0,0
2025-01-17,P0452,NewDrug,4.0,1
2024-08-10,P0941,NewDrug,8.0,1
2026-01-30,P0151,NewDrug,10.0,1
2025-12-07,P0476,NewDrug,,1
2024-09-23,P0834,NewDrug,9.0,0
2024-04-28,P0999,NewDrug,7.0,1
2024-09-14,P0547,NewDrug,2.0,0
2025-02-26,P0195,NewDrug,4.0,0
2026-06-02,P0654,NewDrug,4.0,0
2024-08-06,P0501,NewDrug,,1
2024-09-23,P0375,NewDrug,,1
2026-03-26,P0587,,12.0,0
2026-04-18,P0088,NewDrug,4.0,0
2026-06-27,P0492,NewDrug,4.0,1
2025-08-27,P0319,NewDrug,5.0,1
2026-09-07,P0807,NewDrug,5.0,1
2025-05-11,P0770,NewDrug,5.0,1
2025-03-21,P0486,,4.0,0
2025-11-12,P0449,NewDrug,9.0,0
2026-02-09,P0855,NewDrug,2.0,0
2024-12-02,P0079,NewDrug,3.0,1
2026-04-03,P0329,NewDrug,4.0,1
2024-11-08,P0273,NewDrug,3.0,0
2026-01-31,P0221,NewDrug,3.0,1
2026-01-14,P0242,NewDrug,,1
2026-06-25,P0170,NewDrug,4.0,0
2026-07-27,P0072,NewDrug,9.0,0
2025-09-08,P0779,NewDrug,5.0,0
2025-07-06,P0495,NewDrug,1.0,0
2024-03-14,P0143,NewDrug,5.0,0
2025-10-03,P0671,NewDrug,5.0,1
2026-03-17,P0696,NewDrug,4.0,1
2026-06-28,P0440,NewDrug,4.0,0
2024-12-02,P0395,NewDrug,6.0,1
2024-11-04,P0060,NewDrug,7.0,0
2026-05-24,P0527,NewDrug,6.0,1
2025-01-22,P0535,NewDrug,8.0,1
2025-12-27,P0937,NewDrug,9.0,0
2026-03-26,P0364,NewDrug,6.0,1
2025-04-11,P0295,,6.0,0
2026-01-06,P0714,NewDrug,,0
2025-08-28,P0181,NewDrug,6.0,1
2026-03-23,P0727,NewDrug,3.0,1
2024-01-05,P0435,NewDrug,6.0,0
2025-07-02,P0023,NewDrug,6.0,0
2026-05-13,P0686,NewDrug,4.0,0
2024-07-06,P0558,,6.0,1
2025-12-14,P0850,NewDrug,3.0,0
2024-01-01,P0639,NewDrug,3.0,1
2024-02-05,P0882,NewDrug,,0
2025-07-09,P0982,NewDrug,6.0,1
2024-10-25,P0340,NewDrug,6.0,1
2025-01-14,P0649,NewDrug,4.0,0
2026-02-17,P0362,NewDrug,5.0,1
2024-08-18,P0999,NewDrug,6.0,0
2024-08-09,P0408,NewDrug,7.0,1
2026-02-17,P0429,NewDrug,2.0,0
2024-12-07,P0512,NewDrug,3.0,1
2024-01-16,P0757,NewDrug,4.0,0
2026-06-15,P0844,NewDrug,,1
2024-01-12,P0211,NewDrug,2.0,1
2024-04-18,P0867,NewDrug,8.0,1
2025-06-01,P0771,,4.0,1
2025-09-22,P0629,NewDrug,2.0,1
2025-06-20,P0075,NewDrug,7.0,1
2026-08-30,P0149,NewDrug,7.0,1
2025-12-05,P0768,NewDrug,8.0,1
2025-05-29,P0006,NewDrug,1.0,1
2024-05-21,P0440,NewDrug,9.0,1
2026-03-16,P0543,NewDrug,4.0,0
2025-07-30,P0708,,6.0,0
2025-07-25,P0119,NewDrug,5.0,0
2026-07-09,P0752,,6.0,0
2024-07-27,P0190,NewDrug,5.0,0
2024-10-27,P0901,NewDrug,7.0,1
2024-02-18,P0799,NewDrug,,0
2026-01-03,P0532,NewDrug,,0
2024-08-22,P0595,NewDrug,,1
2024-04-17,P0811,NewDrug,5.0,0
2026-09-13,P0997,NewDrug,2.0,1
2024-06-23,P0091,NewDrug,4.0,1
2024-02-07,P0813,NewDrug,8.0,1
2025-06-16,P0184,NewDrug,3.0,1
2024-10-15,P0454,NewDrug,5.0,1
2024-09-17,P0433,NewDrug,,1
2026-05-03,P0724,NewDrug,6.0,0
2025-05-22,P0640,NewDrug,,1
2025-05-06,P0535,NewDrug,3.0,0
2026-07-24,P0787,NewDrug,,0
2026-09-12,P0239,NewDrug,6.0,0
2025-01-07,P0176,NewDrug,8.0,0
2025-04-08,P0518,NewDrug,,0
2026-07-30,P0906,NewDrug,8.0,0
2024-05-02,P0063,NewDrug,9.0,1
2026-02-11,P0057,,5.0,0
2024-01-15,P0525,NewDrug,7.0,0
2026-01-19,P0606,NewDrug,4.0,1
2026-04-16,P0862,NewDrug,,1
2025-03-19,P0756,NewDrug,9.0,0
2024-03-01,P0648,NewDrug,11.0,1
2026-09-24,P0431,NewDrug,4.0,0
2024-06-02,P0960,NewDrug,5.0,0
2024-07-30,P0928,NewDrug,5.0,1
2026-02-17,P0161,NewDrug,,0
2026-04-18,P0542,NewDrug,5.0,1
2026-09-06,P0082,NewDrug,7.0,0
2024-12-07,P0118,NewDrug,5.0,1
2025-06-23,P0507,NewDrug,5.0,1
2025-10-27,P0235,NewDrug,5.0,0
2024-07-28,P0880,NewDrug,5.0,1
2024-02-19,P0972,NewDrug,6.0,0
2024-01-02,P0045,NewDrug,5.0,1
2025-08-01,P0005,NewDrug,5.0,1
2026-03-19,P0781,NewDrug,4.0,0
2024-07-27,P0045,NewDrug,6.0,1
2024-12-06,P0868,NewDrug,2.0,1
2024-04-05,P0479,NewDrug,6.0,1
2026-07-18,P0879,NewDrug,5.0,1
2025-06-04,P0312,NewDrug,3.0,0
2024-09-05,P0278,NewDrug,9.0,1
2024-09-02,P0424,NewDrug,5.0,1
2024-07-14,P0227,NewDrug,4.0,1
2024-08-28,P0753,NewDrug,7.0,0
2026-05-27,P0919,NewDrug,3.0,1
2025-04-08,P0612,NewDrug,4.0,1
2024-12-23,P0586,NewDrug,3.0,0
2024-05-13,P0851,NewDrug,5.0,0
2025-06-09,P0408,NewDrug,8.0,0
2025-02-01,P0111,NewDrug,5.0,1
2024-04-03,P0200,NewDrug,,0
2024-12-09,P0590,,5.0,1
2025-12-10,P0997,NewDrug,4.0,1
2025-12-24,P0743,,10.0,1
2025-01-10,P0941,,4.0,1
2025-06-24,P0506,NewDrug,5.0,1
2024-12-06,P0262,NewDrug,4.0,1
2025-10-25,P0436,NewDrug,3.0,0
2026-06-23,P0991,NewDrug,4.0,1
2024-12-08,P0970,NewDrug,8.0,1
2025-06-19,P0879,NewDrug,8.0,1
2025-03-08,P0157,NewDrug,4.0,1
2026-07-05,P0689,NewDrug,4.0,0
2025-05-03,P0333,NewDrug,9.0,0
2026-04-29,P0068,NewDrug,5.0,0
2026-02-25,P0511,NewDrug,4.0,1
2025-01-21,P0034,NewDrug,5.0,1
2026-01-19,P0817,NewDrug,4.0,1
2025-12-22,P0455,NewDrug,1.0,0
2025-08-05,P0509,NewDrug,7.0,0
2024-12-22,P0169,NewDrug,7.0,0
2024-09-06,P0381,NewDrug,3.0,1
2024-08-04,P0181,NewDrug,,0
2024-05-30,P0781,NewDrug,5.0,0
2025-07-15,P0851,NewDrug,6.0,0
2026-01-25,P0143,NewDrug,5.0,1
2026-08-26,P0300,NewDrug,,0
2024-09-14,P0409,NewDrug,6.0,1
2024-12-15,P0556,NewDrug,2.0,1
2025-11-27,P0049,NewDrug,5.0,0
2024-10-11,P0495,NewDrug,,1
2026-07-18,P0133,NewDrug,2.0,1
2024-09-08,P0640,NewDrug,6.0,1
2026-06-11,P0409,NewDrug,10.0,1
2025-04-20,P0460,NewDrug,6.0,1
2026-07-26,P0358,NewDrug,2.0,1
2026-04-11,P0106,,4.0,1
2025-03-16,P0900,NewDrug,3.0,0
2025-02-09,P0113,NewDrug,3.0,1
2025-03-14,P0613,NewDrug,6.0,0
2025-04-28,P0883,NewDrug,4.0,1
2024-03-23,P0205,NewDrug,4.0,1
2024-10-14,P0697,NewDrug,6.0,1
2026-07-04,P0541,NewDrug,7.0,0
2026-05-14,P0486,NewDrug,5.0,0
2025-03-18,P0675,NewDrug,3.0,1
2026-05-03,P0508,NewDrug,3.0,0
2026-04-27,P0672,NewDrug,7.0,0
2024-04-27,P0225,NewDrug,,0
2025-08-09,P0592,NewDrug,3.0,0
2025-01-23,P0343,NewDrug,3.0,0
2024-10-07,P0580,NewDrug,7.0,1
2025-08-19,P0658,NewDrug,5.0,0
2024-02-22,P0670,NewDrug,5.0,1
2026-07-03,P0008,NewDrug,10.0,0
2026-06-24,P0293,NewDrug,4.0,1
2024-11-17,P0364,NewDrug,6.0,1
2025-10-11,P0222,NewDrug,3.0,1
2025-07-18,P0848,NewDrug,3.0,1
2024-12-20,P0857,,5.0,0
2026-09-22,P0211,NewDrug,5.0,1
2025-06-15,P0821,NewDrug,8.0,0
2024-03-28,P0658,NewDrug,7.0,0
2026-02-14,P0042,NewDrug,5.0,0
2026-09-04,P0464,NewDrug,9.0,0
2025-10-19,P0097,NewDrug,7.0,0
2024-02-21,P0469,NewDrug,4.0,0
2026-09-15,P0129,NewDrug,5.0,1
2024-04-15,P0748,NewDrug,3.0,1
2024-08-18,P0715,NewDrug,,0
2026-02-25,P0320,NewDrug,5.0,1
2025-05-04,P0898,NewDrug,9.0,1
2025-09-11,P0314,NewDrug,6.0,1
2025-10-02,P0840,NewDrug,4.0,1
2025-05-06,P0573,NewDrug,4.0,0
2025-12-02,P0443,NewDrug,,0
2024-05-27,P0304,NewDrug,5.0,0
2025-05-12,P0909,NewDrug,,0
2025-11-10,P0889,NewDrug,2.0,0
2025-11-05,P0093,NewDrug,5.0,1
2025-10-23,P0610,NewDrug,0.0,1
2025-08-16,P0350,NewDrug,,0
2024-04-02,P0411,NewDrug,4.0,1
2024-11-19,P0257,NewDrug,6.0,0
2024-09-27,P0747,NewDrug,4.0,1
2024-01-18,P0718,NewDrug,2.0,0
2026-08-29,P0415,NewDrug,,1
2024-07-28,P0196,NewDrug,7.0,0
2024-04-30,P0307,NewDrug,5.0,1
2026-02-03,P0173,,7.0,1
2025-01-12,P0506,NewDrug,2.0,0
2025-04-11,P0171,NewDrug,5.0,1
2024-09-24,P0370,NewDrug,8.0,0
2024-01-22,P0167,NewDrug,1.0,0
2025-05-18,P0804,NewDrug,8.0,0
2024-08-11,P0414,NewDrug,,1
2024-03-02,P0275,NewDrug,5.0,1
2025-02-05,P0390,NewDrug,2.0,1
2026-04-25,P0607,NewDrug,5.0,0
2024-11-11,P0598,NewDrug,5.0,1
2025-05-03,P0212,NewDrug,1.0,1
2024-01-15,P0816,NewDrug,3.0,0
2024-04-24,P0976,NewDrug,6.0,1
2025-08-20,P0134,NewDrug,8.0,0
2026-07-20,P0797,NewDrug,6.0,0
2025-09-17,P0788,NewDrug,4.0,0
2025-04-11,P0530,NewDrug,7.0,1
2024-10-11,P0294,NewDrug,9.0,1
2026-03-04,P0293,NewDrug,4.0,1
2026-02-04,P0532,NewDrug,7.0,1
2024-05-04,P0408,NewDrug,3.0,1
2026-08-19,P0600,NewDrug,10.0,0
2026-03-14,P0125,NewDrug,6.0,0
2025-06-07,P0613,,,1
2025-06-22,P0567,NewDrug,4.0,0
2024-11-14,P0213,NewDrug,8.0,0
2026-03-07,P0862,NewDrug,,1
2024-08-27,P0094,NewDrug,6.0,0
2025-08-15,P0414,NewDrug,,1
2024-01-12,P0763,NewDrug,7.0,0
2025-03-09,P0386,NewDrug,2.0,1
2024-02-01,P0451,NewDrug,3.0,0
2026-05-15,P0723,NewDrug,4.0,1
2024-08-31,P0396,NewDrug,4.0,0
2024-04-07,P0439,NewDrug,4.0,0
2024-11-03,P0259,NewDrug,5.0,0
2025-04-28,P0238,NewDrug,7.0,1
2024-08-20,P0507,NewDrug,6.0,1
2024-07-30,P0382,NewDrug,7.0,1
2024-07-28,P0375,NewDrug,6.0,1
2025-07-24,P0738,NewDrug,9.0,1
2025-10-27,P0062,NewDrug,4.0,0
2024-02-18,P0632,NewDrug,4.0,1
2026-09-25,P0416,NewDrug,5.0,1
2024-08-20,P0302,NewDrug,6.0,1
2026-05-05,P0793,NewDrug,,1
2025-01-27,P0781,NewDrug,3.0,0
2025-06-02,P0193,NewDrug,6.0,1
2024-02-18,P0077,NewDrug,7.0,1
2025-11-20,P0565,NewDrug,6.0,0
2025-02-18,P0466,NewDrug,3.0,1
2025-04-17,P0864,NewDrug,6.0,0
2024-04-03,P0382,NewDrug,7.0,0
2025-02-08,P0897,NewDrug,8.0,1
2024-11-11,P0720,NewDrug,8.0,0
2025-07-18,P0221,NewDrug,6.0,0
2026-09-21,P0684,NewDrug,3.0,0
2025-10-08,P0751,NewDrug,8.0,0
2026-04-10,P0059,,3.0,0
2025-10-25,P0333,NewDrug,,1
2026-07-25,P0291,NewDrug,8.0,0
2024-10-26,P0778,NewDrug,5.0,1
2025-08-12,P0130,NewDrug,6.0,0
2025-08-25,P0277,NewDrug,6.0,0
2024-03-30,P0672,NewDrug,,1
2024-02-05,P0061,NewDrug,3.0,0
2026-09-20,P0332,NewDrug,10.0,0
2025-06-13,P0989,NewDrug,3.0,0
2024-09-28,P0554,NewDrug,6.0,0
2024-08-01,P0861,NewDrug,3.0,1
2025-03-12,P0484,NewDrug,7.0,0
2024-10-12,P0268,NewDrug,5.0,0
2024-05-13,P0560,NewDrug,6.0,0
2024-10-16,P0581,NewDrug,2.0,0
2026-07-02,P0026,NewDrug,6.0,1
2025-01-07,P0004,NewDrug,5.0,1
2024-02-07,P0562,NewDrug,3.0,1
2026-03-26,P0546,NewDrug,6.0,0
2026-06-20,P0659,NewDrug,6.0,1
2024-02-21,P0140,NewDrug,2.0,1
2025-11-22,P0272,NewDrug,3.0,0
2026-05-31,P0963,NewDrug,5.0,1
2024-10-04,P0695,NewDrug,5.0,1
2025-03-01,P0189,NewDrug,4.0,0
2024-11-15,P0829,NewDrug,1.0,1
2024-06-22,P0843,NewDrug,3.0,0
2026-02-16,P0269,NewDrug,3.0,1
2024-03-24,P0535,NewDrug,6.0,1
2024-04-29,P0697,NewDrug,5.0,1
2025-10-06,P0430,NewDrug,6.0,1
2025-06-12,P0952,NewDrug,6.0,0
2024-12-02,P0080,NewDrug,3.0,1
2025-10-26,P0706,NewDrug,3.0,0
2026-01-22,P0587,NewDrug,2.0,1
2025-06-29,P0790,NewDrug,2.0,1
2025-03-08,P0874,NewDrug,7.0,1
2025-12-15,P0410,NewDrug,4.0,1
2025-02-13,P0686,NewDrug,1.0,0
2025-09-16,P0811,NewDrug,4.0,1
2024-06-14,P0929,NewDrug,5.0,1
2024-04-06,P0476,NewDrug,4.0,1
2026-05-31,P0761,NewDrug,5.0,0
2025-05-24,P0045,NewDrug,6.0,0
2024-09-03,P0793,NewDrug,5.0,1
2024-06-01,P0545,NewDrug,2.0,1
2026-05-07,P0378,NewDrug,6.0,0
2026-03-08,P0832,NewDrug,2.0,0
2026-02-17,P0450,NewDrug,5.0,0
2025-03-27,P0304,,4.0,0
2025-04-24,P0275,NewDrug,1.0,0
2025-05-28,P0494,NewDrug,13.0,1
2026-01-14,P0408,NewDrug,5.0,0
2025-12-31,P0409,NewDrug,5.0,1
2025-10-28,P0786,NewDrug,5.0,1
2024-09-28,P0468,NewDrug,5.0,1
2025-07-09,P0995,NewDrug,3.0,1
2025-03-02,P0813,NewDrug,3.0,1
2024-07-15,P0645,NewDrug,,0
2025-11-22,P0182,NewDrug,,1
2026-09-13,P0673,NewDrug,5.0,0
2026-03-20,P0340,,3.0,0
2024-04-20,P0780,NewDrug,4.0,0
2024-10-11,P0646,NewDrug,4.0,1
2025-06-19,P0244,NewDrug,7.0,1
2026-03-31,P0852,NewDrug,8.0,0
2025-11-12,P0134,NewDrug,10.0,0
2025-09-23,P0407,NewDrug,5.0,0
2026-05-17,P0374,NewDrug,5.0,1
2026-01-21,P0789,NewDrug,5.0,1
2025-12-09,P0207,NewDrug,2.0,1
2024-06-29,P0458,NewDrug,2.0,1
2025-01-29,P0522,NewDrug,6.0,0
2024-12-26,P0186,NewDrug,7.0,1
2026-06-01,P0709,NewDrug,7.0,1
2025-10-22,P0268,NewDrug,5.0,1
2024-01-08,P0494,NewDrug,8.0,0
2025-01-22,P0836,NewDrug,5.0,1
2024-08-10,P0986,NewDrug,5.0,1
2025-10-30,P0128,NewDrug,,1
2026-07-11,P0945,NewDrug,6.0,0
2025-07-01,P0180,NewDrug,4.0,0
2025-05-29,P0247,NewDrug,,1
2025-04-22,P0086,NewDrug,3.0,1
2024-02-13,P0157,NewDrug,5.0,0
2024-04-16,P0977,NewDrug,4.0,1
2025-08-26,P0354,NewDrug,4.0,0
2026-03-19,P0462,NewDrug,5.0,1
2025-01-16,P0092,NewDrug,2.0,1
2024-12-10,P0014,NewDrug,7.0,0
2025-12-30,P0811,NewDrug,,1
2026-05-14,P0586,NewDrug,7.0,0
2025-04-16,P0618,NewDrug,6.0,0
2026-04-22,P0479,,8.0,1
2024-09-22,P0678,NewDrug,5.0,0
2024-10-22,P0097,NewDrug,2.0,1
2025-10-29,P0681,NewDrug,6.0,0
2024-04-09,P0028,NewDrug,7.0,1
2026-04-29,P0844,NewDrug,6.0,0
2024-10-21,P0131,NewDrug,,1
2024-07-10,P0248,NewDrug,2.0,0
2025-10-30,P0209,NewDrug,3.0,1
2024-07-26,P0331,NewDrug,6.0,0
2026-05-26,P0387,NewDrug,5.0,0
2024-12-13,P0033,NewDrug,3.0,0
2024-05-18,P0587,NewDrug,,0
2024-02-27,P0170,,3.0,0
2024-06-01,P0266,NewDrug,6.0,1
2024-02-28,P0205,,4.0,1
2025-01-29,P0726,NewDrug,4.0,0
2024-02-18,P0949,,4.0,1
2024-03-18,P0027,NewDrug,4.0,1
2024-11-06,P0691,NewDrug,5.0,1
2024-11-22,P0837,NewDrug,4.0,0
2025-12-03,P0598,NewDrug,,0
2024-12-04,P0248,NewDrug,4.0,1
2025-07-01,P0696,NewDrug,1.0,0
2026-07-29,P0030,NewDrug,5.0,1
2026-05-19,P0053,NewDrug,8.0,0
2024-05-29,P0815,NewDrug,4.0,1
2024-02-19,P0306,NewDrug,6.0,0
2025-11-18,P0136,NewDrug,6.0,1
2025-12-27,P0694,NewDrug,,1
2025-06-15,P0169,NewDrug,5.0,0
2024-04-29,P0980,NewDrug,5.0,0
2025-03-27,P0650,NewDrug,,0
2026-05-04,P0164,NewDrug,1.0,0
2024-10-28,P0314,NewDrug,4.0,0
2024-10-15,P0663,NewDrug,5.0,1
2024-04-15,P0859,NewDrug,5.0,0
2024-12-27,P0351,NewDrug,2.0,1
2024-04-25,P0183,NewDrug,6.0,0
2026-02-25,P0200,NewDrug,6.0,1
2025-06-13,P0033,NewDrug,12.0,1
2026-04-06,P0760,NewDrug,5.0,1
2024-03-16,P0924,NewDrug,5.0,0
2025-08-02,P0248,NewDrug,5.0,1
2026-06-07,P0382,NewDrug,4.0,0
2025-02-28,P0397,NewDrug,4.0,0
2025-04-04,P0093,NewDrug,,0
2024-11-30,P0827,NewDrug,3.0,1
2025-12-01,P0584,NewDrug,,0
2024-11-24,P0809,NewDrug,5.0,0
2025-10-29,P0473,NewDrug,,0
2026-06-25,P0258,NewDrug,3.0,0
2024-04-29,P0133,NewDrug,2.0,1
2026-06-05,P0970,NewDrug,5.0,1
2024-10-31,P0922,NewDrug,4.0,0
2025-05-31,P0975,NewDrug,2.0,1
2026-05-25,P0075,NewDrug,3.0,0
2026-08-18,P0459,NewDrug,5.0,1
2025-03-06,P0361,NewDrug,,1
2024-03-24,P0127,NewDrug,7.0,1
2026-06-09,P0756,NewDrug,9.0,0
2024-04-17,P0848,NewDrug,6.0,0
2025-06-01,P0894,NewDrug,7.0,0
2025-07-05,P0195,NewDrug,6.0,1
2026-05-07,P0082,NewDrug,3.0,0
2024-07-27,P0051,NewDrug,6.0,1
2024-04-14,P0268,NewDrug,3.0,0
2026-06-06,P0833,NewDrug,6.0,0
2025-03-05,P0233,,3.0,1
2025-07-10,P0702,NewDrug,5.0,0
2025-05-15,P0413,NewDrug,6.0,1
2025-06-03,P0835,NewDrug,4.0,1
2026-03-24,P0246,NewDrug,6.0,0
2024-03-20,P0166,NewDrug,5.0,0
2026-08-05,P0379,NewDrug,5.0,0
2026-05-25,P0512,NewDrug,3.0,1
2026-09-23,P0955,NewDrug,6.0,0
2026-07-07,P0877,NewDrug,7.0,1
2025-01-29,P0409,NewDrug,8.0,0
2024-01-16,P0831,NewDrug,7.0,1
2025-12-05,P0103,NewDrug,6.0,1
2026-09-10,P0791,NewDrug,8.0,0
2026-04-12,P0215,NewDrug,6.0,0
2024-12-20,P0330,NewDrug,1.0,0
2026-02-04,P0466,NewDrug,5.0,1
2024-10-16,P0030,NewDrug,5.0,1
2026-02-02,P0726,NewDrug,5.0,0
2026-09-23,P0069,NewDrug,8.0,0
2025-04-23,P0921,NewDrug,7.0,1
2024-05-11,P0029,NewDrug,6.0,0
2026-05-25,P0141,NewDrug,3.0,1
2024-07-28,P0753,NewDrug,,1
2025-04-30,P0041,NewDrug,9.0,0
2024-08-24,P0631,NewDrug,5.0,1
2025-03-13,P0259,NewDrug,2.0,0
2026-05-07,P0312,NewDrug,3.0,1
2026-07-25,P0245,NewDrug,4.0,1
2026-09-06,P0769,NewDrug,4.0,1
2025-01-20,P0579,NewDrug,0.0,1
2026-05-01,P0951,NewDrug,1.0,0
2024-03-18,P0240,NewDrug,,0
2024-07-20,P0922,NewDrug,1.0,1
2024-09-16,P0714,NewDrug,1.0,0
2026-05-28,P0713,NewDrug,4.0,0
2025-03-16,P0506,,,1
2024-01-20,P0739,NewDrug,2.0,0
2026-01-11,P0419,NewDrug,3.0,0
2025-08-08,P0142,NewDrug,6.0,0
2025-07-22,P0131,NewDrug,4.0,0
2026-07-16,P0336,NewDrug,5.0,0
2025-03-19,P0807,NewDrug,,0
2024-03-10,P0548,NewDrug,5.0,1
2026-04-14,P0690,NewDrug,5.0,1
2025-07-14,P0788,NewDrug,6.0,1
2024-01-06,P0089,NewDrug,5.0,0
2024-11-20,P0039,NewDrug,3.0,1
2025-10-29,P0732,NewDrug,5.0,0
2024-07-24,P0461,NewDrug,6.0,1
2024-06-01,P0704,NewDrug,5.0,0
2026-01-21,P0284,NewDrug,3.0,1
2025-03-06,P0389,NewDrug,4.0,0
2025-03-11,P0304,NewDrug,4.0,1
2024-03-21,P0779,NewDrug,4.0,1
2026-03-01,P0648,NewDrug,6.0,1
2025-12-18,P0166,NewDrug,7.0,1
2024-01-08,P0285,NewDrug,5.0,0
2024-07-22,P0216,NewDrug,,1
2024-11-20,P0298,NewDrug,3.0,1
2026-01-09,P0554,NewDrug,,0
2024-01-30,P0756,NewDrug,4.0,0
2026-05-23,P0043,NewDrug,5.0,1
2026-08-26,P0576,NewDrug,3.0,1
2026-08-23,P0276,NewDrug,,1
2024-03-16,P0526,NewDrug,4.0,1
2024-11-12,P0039,NewDrug,2.0,1
2024-08-13,P0474,NewDrug,4.0,0
2026-01-28,P0778,NewDrug,5.0,1
2025-07-26,P0189,NewDrug,5.0,1
2025-03-28,P0459,NewDrug,2.0,0
2026-09-20,P0921,NewDrug,,1
2024-04-16,P0624,NewDrug,,1
2026-02-02,P0255,NewDrug,3.0,1
2025-02-03,P0353,NewDrug,5.0,0
2024-02-26,P0767,NewDrug,5.0,1
2025-03-30,P0967,NewDrug,7.0,0
2025-02-14,P0725,NewDrug,5.0,1
2026-03-26,P0172,NewDrug,5.0,1
2024-07-26,P0759,NewDrug,3.0,1
2024-08-19,P0721,NewDrug,5.0,1
2026-04-18,P0722,NewDrug,,0
2025-02-21,P0910,NewDrug,2.0,0
2024-01-06,P0430,NewDrug,2.0,0
2024-01-25,P0994,NewDrug,5.0,1
2026-02-22,P0297,NewDrug,5.0,0
2024-11-21,P0454,NewDrug,5.0,1
2026-06-26,P0677,NewDrug,,1
2024-10-18,P0021,NewDrug,5.0,0
2024-10-02,P0886,NewDrug,3.0,1
2025-12-05,P0887,NewDrug,6.0,1
2024-08-19,P0582,NewDrug,,1
2025-07-24,P0509,NewDrug,4.0,0
2024-08-10,P0297,NewDrug,6.0,0
2025-05-17,P0851,NewDrug,4.0,0
2026-03-01,P0706,NewDrug,5.0,1
2024-06-09,P0242,NewDrug,5.0,0
2025-09-24,P0947,NewDrug,8.0,0
2025-08-29,P0699,NewDrug,5.0,1
2025-06-08,P0422,NewDrug,5.0,1
2025-10-28,P0156,NewDrug,3.0,0
2026-01-09,P0423,NewDrug,6.0,1
2026-02-26,P0067,NewDrug,5.0,1
2025-04-17,P0969,NewDrug,,1
2026-03-21,P0961,NewDrug,7.0,0
2024-04-26,P0500,NewDrug,7.0,1
2025-08-14,P0387,NewDrug,2.0,0
2024-12-18,P0345,NewDrug,,0
2025-03-29,P0130,NewDrug,3.0,0
2025-03-02,P0942,NewDrug,6.0,0
2024-01-26,P0340,NewDrug,2.0,1
2024-05-05,P0324,NewDrug,2.0,1
2025-10-21,P0586,NewDrug,,0
2025-07-10,P0219,,,0
2025-10-29,P0291,NewDrug,7.0,0
2024-06-16,P0984,NewDrug,9.0,1
2024-02-11,P0872,NewDrug,,0
2024-06-24,P0411,NewDrug,5.0,0
2026-03-13,P0952,NewDrug,3.0,0
2024-05-08,P0665,NewDrug,5.0,1
2025-05-31,P0709,NewDrug,9.0,0
2026-02-06,P0899,NewDrug,3.0,0
2026-07-04,P0149,NewDrug,6.0,0
2024-11-26,P0887,NewDrug,5.0,0
2025-07-29,P0024,NewDrug,4.0,1
2024-12-15,P0068,NewDrug,1.0,0
2024-05-02,P0777,NewDrug,6.0,0
2025-01-24,P0661,NewDrug,3.0,1
2024-08-07,P0034,NewDrug,3.0,0
2025-04-16,P0813,NewDrug,1.0,1
2025-07-31,P0964,NewDrug,2.0,0
2026-07-30,P0782,NewDrug,5.0,1
2026-09-24,P0821,NewDrug,3.0,0
2024-11-09,P0464,NewDrug,1.0,1
2024-11-22,P0355,NewDrug,,0
2026-05-19,P0436,NewDrug,2.0,0
2026-06-02,P0160,NewDrug,4.0,1
2026-04-13,P0158,,,1
2025-02-18,P0211,NewDrug,,0
2026-08-12,P0722,NewDrug,5.0,0
2025-09-30,P0034,NewDrug,1.0,0
2026-05-02,P0510,NewDrug,4.0,1
2025-05-28,P0570,NewDrug,9.0,0
2025-11-04,P0720,NewDrug,4.0,1
2024-01-19,P0355,NewDrug,,1
2025-05-31,P0693,NewDrug,5.0,1
2026-02-13,P0082,NewDrug,4.0,0
2026-04-17,P0266,NewDrug,1.0,0
2025-09-14,P0299,NewDrug,4.0,1
2025-05-06,P0855,NewDrug,4.0,0
2025-06-12,P0141,NewDrug,4.0,0
2026-01-28,P0479,,3.0,1
2025-11-24,P0072,NewDrug,4.0,0
2025-03-23,P0724,NewDrug,4.0,1
2024-02-25,P0699,NewDrug,5.0,0
2024-09-18,P0312,NewDrug,2.0,1
2024-11-08,P0486,NewDrug,,1
2025-03-04,P0420,NewDrug,3.0,0
2025-09-02,P0445,NewDrug,2.0,1
2025-12-13,P0158,NewDrug,2.0,1
2025-12-06,P0918,NewDrug,7.0,0
2024-06-27,P0251,NewDrug,3.0,1
2024-12-21,P0205,NewDrug,3.0,1
2024-12-16,P0082,NewDrug,3.0,0
2025-03-01,P0595,NewDrug,5.0,1
2026-04-22,P0982,NewDrug,4.0,0
2025-07-28,P0936,NewDrug,5.0,0
2024-03-14,P0507,NewDrug,4.0,1
2024-09-19,P0074,NewDrug,2.0,1
2024-08-11,P0842,NewDrug,,0
2026-08-20,P0186,NewDrug,8.0,0
2024-06-01,P0019,NewDrug,5.0,1
2026-02-28,P0469,NewDrug,5.0,1
2024-07-02,P0614,NewDrug,3.0,1
2025-12-30,P0994,NewDrug,1.0,1
2025-08-31,P0070,NewDrug,13.0,0
2024-02-22,P0166,NewDrug,1.0,1
2024-11-04,P0301,NewDrug,3.0,0
2025-05-03,P0963,NewDrug,10.0,1
2024-04-30,P0292,NewDrug,5.0,1
2025-04-20,P0980,NewDrug,5.0,1
2024-03-20,P0061,NewDrug,5.0,0
2026-03-06,P0529,NewDrug,6.0,0
2024-05-26,P0410,NewDrug,5.0,1
2026-06-21,P0326,,2.0,1
2026-01-04,P0932,NewDrug,4.0,0
2026-07-18,P0676,NewDrug,3.0,1
2025-05-18,P0817,NewDrug,2.0,1
2026-05-25,P0931,NewDrug,5.0,1
2025-01-16,P0339,NewDrug,2.0,1
2025-02-21,P0135,NewDrug,7.0,1
2025-12-27,P0998,NewDrug,5.0,1
2025-01-27,P0994,NewDrug,10.0,1
2026-09-03,P0551,NewDrug,4.0,0
2026-06-16,P0490,NewDrug,11.0,0
2024-03-27,P0952,NewDrug,4.0,1
2025-04-23,P0133,NewDrug,4.0,1
2025-08-27,P0094,NewDrug,3.0,0
2025-03-30,P0597,NewDrug,1.0,1
2025-01-11,P0328,NewDrug,7.0,0
2024-03-25,P0623,NewDrug,6.0,0
2026-07-26,P0450,,7.0,1
2024-12-15,P0656,NewDrug,10.0,1
2026-04-08,P0415,NewDrug,7.0,1
2026-04-01,P0182,NewDrug,6.0,0
2025-01-13,P0527,,7.0,0
2026-03-10,P0086,NewDrug,4.0,0
2024-01-07,P0969,NewDrug,5.0,0
2024-02-16,P0645,NewDrug,2.0,0
2024-06-23,P0862,NewDrug,8.0,1
2025-06-20,P0181,,5.0,1
2024-02-09,P0057,NewDrug,5.0,0
2025-05-27,P0110,NewDrug,5.0,1
2024-10-20,P0855,NewDrug,5.0,1
2024-06-13,P0211,NewDrug,7.0,0
2025-04-28,P0394,NewDrug,7.0,0
2025-05-23,P0797,NewDrug,4.0,1
2026-04-10,P0006,NewDrug,8.0,1
2025-06-25,P0030,NewDrug,7.0,0
2025-04-16,P0486,NewDrug,,0
2024-05-20,P0338,NewDrug,3.0,1
2025-06-23,P0202,NewDrug,1.0,0
2025-05-10,P0146,NewDrug,6.0,0
2025-07-02,P0544,NewDrug,4.0,1
2026-05-22,P0576,NewDrug,4.0,0
2025-05-14,P0086,NewDrug,4.0,0
2024-04-30,P0208,NewDrug,6.0,1
2026-02-23,P0637,NewDrug,5.0,0
2025-01-30,P0182,NewDrug,5.0,0
2025-11-27,P0251,NewDrug,2.0,0
2025-03-04,P0385,NewDrug,4.0,1
2026-04-12,P0569,NewDrug,3.0,1
2025-03-05,P0061,NewDrug,,0
2025-01-26,P0170,NewDrug,6.0,1
2024-09-15,P0198,NewDrug,6.0,0
2026-08-31,P0310,NewDrug,5.0,0
2025-12-22,P0062,NewDrug,5.0,1
2025-09-30,P0125,NewDrug,9.0,1
2024-06-20,P0859,NewDrug,6.0,0
2024-02-05,P0130,NewDrug,0.0,0
2025-11-14,P0271,NewDrug,1.0,1
2026-01-15,P0240,NewDrug,7.0,1
2024-08-05,P0793,NewDrug,4.0,1
2025-03-20,P0564,NewDrug,4.0,0
2025-08-28,P0806,NewDrug,5.0,1
2026-06-26,P0338,NewDrug,,1
2024-04-07,P0007,NewDrug,2.0,1
2024-03-16,P0732,NewDrug,6.0,1
2024-09-17,P0952,NewDrug,3.0,0
2025-11-25,P0394,NewDrug,9.0,1
2025-01-08,P0237,,6.0,0
2026-03-14,P0621,NewDrug,7.0,0
2026-08-14,P0296,NewDrug,7.0,0
2026-05-28,P0763,NewDrug,2.0,1
2024-02-09,P0996,NewDrug,5.0,1
2026-06-30,P0452,NewDrug,10.0,1
2026-05-29,P0480,NewDrug,5.0,0
2026-07-23,P0162,NewDrug,,1
2025-08-27,P0675,NewDrug,3.0,0
2025-05-08,P0717,NewDrug,6.0,1
2025-12-02,P0228,NewDrug,3.0,0
2026-02-28,P0370,NewDrug,,0
2025-08-07,P0921,NewDrug,5.0,1
2026-01-21,P0430,NewDrug,2.0,1
2025-10-21,P0471,NewDrug,8.0,0
2026-04-28,P0561,NewDrug,3.0,0
2024-05-10,P0767,NewDrug,2.0,1
2024-05-10,P0877,NewDrug,7.0,1
2026-02-05,P0330,NewDrug,10.0,0
2024-03-23,P0613,NewDrug,5.0,0
2024-05-23,P0516,NewDrug,6.0,0
2025-06-24,P0108,NewDrug,,0
2026-07-30,P0940,NewDrug,7.0,0
2025-11-08,P0867,NewDrug,3.0,0
2026-02-11,P0339,NewDrug,4.0,0
2026-02-20,P0135,NewDrug,3.0,0
2024-11-23,P0523,NewDrug,3.0,0
2025-02-23,P0905,NewDrug,7.0,0
2024-01-29,P0285,NewDrug,4.0,1
2025-02-18,P0789,NewDrug,2.0,0
2025-05-26,P0159,NewDrug,9.0,0
2026-01-14,P0577,NewDrug,6.0,1
2025-04-12,P0656,,4.0,1
2025-05-02,P0745,NewDrug,,0
2025-01-23,P0815,NewDrug,8.0,0
2025-12-24,P0598,NewDrug,6.0,0
2024-07-16,P0112,NewDrug,4.0,0
2024-11-01,P0473,NewDrug,3.0,1
2025-06-17,P0356,NewDrug,1.0,1
2026-06-19,P0686,NewDrug,3.0,0
2026-09-04,P0797,NewDrug,4.0,0
2025-10-03,P0209,NewDrug,5.0,1
2026-05-21,P0304,NewDrug,3.0,1
2024-11-19,P0899,NewDrug,,1
2025-02-16,P0729,NewDrug,,1
2024-06-09,P0475,,5.0,1
2024-05-11,P0542,NewDrug,5.0,1
2024-04-11,P0129,NewDrug,4.0,0
2025-03-24,P0460,NewDrug,9.0,1
2026-05-15,P0166,,5.0,0
2025-08-06,P0727,NewDrug,6.0,0
2025-05-29,P0722,NewDrug,4.0,0
2025-09-06,P0856,NewDrug,4.0,0
2024-10-28,P0902,NewDrug,3.0,1
2025-12-27,P0642,NewDrug,5.0,0
2025-03-01,P0791,NewDrug,2.0,1
2025-06-09,P0311,NewDrug,5.0,0
2025-06-04,P0594,NewDrug,6.0,0
2024-02-28,P0211,NewDrug,4.0,0
2024-12-28,P0375,NewDrug,7.0,0
2026-05-18,P0798,NewDrug,2.0,1
2024-02-04,P0843,NewDrug,7.0,1
2025-02-06,P0582,NewDrug,5.0,1
2024-07-06,P0093,NewDrug,2.0,0
2024-10-17,P0441,NewDrug,5.0,1
2024-07-28,P0453,NewDrug,5.0,1
2024-05-04,P0635,NewDrug,10.0,1
2024-08-24,P0867,NewDrug,,0
2025-02-02,P0775,NewDrug,1.0,1
2024-12-25,P0758,NewDrug,3.0,0
2024-07-28,P0011,NewDrug,3.0,0
2026-01-19,P0584,NewDrug,3.0,0
2026-01-09,P0136,NewDrug,4.0,0
2024-06-18,P0469,NewDrug,9.0,1
2024-11-25,P0365,NewDrug,3.0,0
2025-01-28,P0123,NewDrug,4.0,0
2026-07-04,P0703,NewDrug,5.0,0
2025-05-08,P0145,NewDrug,6.0,1
2025-08-06,P0718,NewDrug,6.0,0
2026-04-13,P0063,NewDrug,9.0,0
2026-06-05,P0073,NewDrug,5.0,0
2025-08-12,P0590,NewDrug,,0
2025-06-08,P0189,NewDrug,5.0,1
2024-07-16,P0474,NewDrug,5.0,0
2026-02-11,P0324,NewDrug,4.0,1
2024-01-15,P0074,NewDrug,11.0,1
2026-01-07,P0191,NewDrug,,0
2024-10-11,P0104,NewDrug,1.0,0
2025-03-24,P0466,NewDrug,3.0,1
2025-11-23,P0649,NewDrug,4.0,0
2026-08-23,P0006,,3.0,0
2025-06-20,P0707,NewDrug,4.0,1
2024-11-16,P0133,NewDrug,2.0,0
2026-01-13,P0189,NewDrug,6.0,0
2025-05-25,P0694,NewDrug,2.0,1
2026-01-15,P0281,NewDrug,6.0,1
2025-07-06,P0924,NewDrug,,1
2024-09-10,P0358,NewDrug,5.0,1
2025-07-02,P0013,NewDrug,3.0,1
2026-03-22,P0062,NewDrug,,0
2024-05-05,P0507,NewDrug,7.0,1
2025-08-11,P0974,NewDrug,6.0,0
2025-05-29,P0835,NewDrug,3.0,1
2026-01-02,P0915,NewDrug,3.0,1
2024-11-04,P0989,NewDrug,4.0,0
2024-08-23,P0259,NewDrug,2.0,1
2025-08-07,P0131,NewDrug,5.0,1
2024-11-29,P0345,NewDrug,4.0,0
2026-02-19,P0962,NewDrug,5.0,1
2026-06-15,P0275,NewDrug,5.0,1
2026-01-31,P0436,NewDrug,5.0,1
2025-07-18,P0362,NewDrug,6.0,0
2024-03-14,P0303,NewDrug,9.0,1
2026-04-13,P0604,NewDrug,4.0,0
2025-04-14,P0568,NewDrug,,1
2024-01-02,P0518,NewDrug,5.0,1
2026-06-05,P0846,NewDrug,6.0,1
2024-11-20,P0356,NewDrug,6.0,0
2025-04-11,P0703,NewDrug,7.0,1
2024-09-09,P0700,NewDrug,8.0,0
2024-04-13,P0916,,2.0,1
2026-04-02,P0734,NewDrug,6.0,1
2024-06-15,P0776,NewDrug,4.0,1
2025-09-02,P0983,NewDrug,10.0,1
2024-12-08,P0432,NewDrug,6.0,0
2024-09-12,P0466,NewDrug,3.0,1
2026-09-07,P0971,NewDrug,2.0,0
2025-09-05,P0687,NewDrug,5.0,0
2025-11-21,P0600,NewDrug,9.0,1
2024-05-19,P0505,NewDrug,6.0,1
2026-09-26,P0626,NewDrug,7.0,0
2024-09-16,P0085,NewDrug,5.0,1
2025-10-08,P0660,NewDrug,9.0,1
2026-07-03,P0841,NewDrug,7.0,1
2026-05-17,P0728,NewDrug,7.0,0
2026-06-03,P0537,NewDrug,3.0,1
2024-10-22,P0372,,,1
2025-02-19,P0048,NewDrug,10.0,1
2025-10-13,P0410,NewDrug,8.0,0
2026-06-25,P0289,NewDrug,4.0,0
2024-01-23,P0266,NewDrug,7.0,0
2024-09-01,P0036,NewDrug,5.0,1
2025-12-02,P0730,NewDrug,5.0,1
2025-01-30,P0162,NewDrug,7.0,0
2024-01-07,P0736,NewDrug,2.0,1
2025-04-18,P0783,,1.0,1
2025-10-10,P0143,NewDrug,7.0,1
2024-03-16,P0134,NewDrug,5.0,1
2025-02-13,P0128,NewDrug,7.0,0
2026-08-03,P0899,NewDrug,8.0,1
2025-10-13,P0582,NewDrug,6.0,1
2024-10-25,P0264,NewDrug,6.0,1
2025-02-10,P0792,NewDrug,10.0,1
2026-03-26,P0072,NewDrug,3.0,0
2024-12-21,P0949,NewDrug,4.0,1
2024-07-02,P0936,NewDrug,0.0,0
2026-07-28,P0459,NewDrug,4.0,1
2025-02-03,P0587,NewDrug,2.0,0
2026-06-05,P0867,NewDrug,5.0,0
2025-10-02,P0409,NewDrug,6.0,0
2024-03-31,P0410,NewDrug,3.0,1
2024-07-09,P0916,NewDrug,3.0,1
2024-05-07,P0630,NewDrug,11.0,0
2024-11-07,P0146,NewDrug,3.0,1
2026-08-25,P0985,NewDrug,5.0,0
2024-05-01,P0901,NewDrug,2.0,0
2025-06-17,P0368,NewDrug,5.0,0
2024-02-15,P0666,NewDrug,5.0,1
2024-05-07,P0657,NewDrug,3.0,1
2025-09-06,P0775,NewDrug,4.0,0
2025-03-12,P0679,NewDrug,,0
2024-09-02,P0532,NewDrug,5.0,0
2026-08-19,P0042,NewDrug,6.0,0
2025-08-19,P0930,,4.0,1
2025-06-27,P0053,NewDrug,6.0,0
2025-07-13,P0379,NewDrug,,1
2025-12-17,P0368,NewDrug,3.0,0
2024-01-15,P0088,NewDrug,9.0,1
2026-02-08,P0198,NewDrug,12.0,0
2025-06-08,P0801,NewDrug,0.0,0
2024-05-27,P0725,NewDrug,2.0,0
2024-01-08,P0477,NewDrug,10.0,0
2024-01-05,P0514,NewDrug,4.0,1
2024-07-13,P0858,NewDrug,4.0,0
2026-03-15,P0307,NewDrug,5.0,1
2025-11-15,P0989,NewDrug,3.0,1
2025-05-30,P0226,NewDrug,5.0,0
2026-02-27,P0672,NewDrug,7.0,0
2026-08-11,P0799,NewDrug,5.0,1
2025-03-19,P0893,NewDrug,3.0,1
2026-08-06,P0890,NewDrug,3.0,1
2024-12-20,P0704,NewDrug,3.0,1
2026-01-23,P0885,NewDrug,5.0,1
2026-07-03,P0568,NewDrug,,1
2026-01-05,P0116,NewDrug,7.0,0
2025-11-30,P0898,NewDrug,1.0,0
2024-01-15,P0058,NewDrug,,1
2024-05-07,P0676,,4.0,0
2026-02-26,P0157,NewDrug,4.0,1
2025-07-07,P0157,NewDrug,4.0,1
2024-07-04,P0714,NewDrug,5.0,0
2024-10-27,P0191,NewDrug,6.0,1
2025-04-26,P0977,NewDrug,6.0,0
2025-05-31,P0121,NewDrug,4.0,0
2025-04-25,P0590,NewDrug,2.0,1
2024-10-03,P0258,NewDrug,7.0,1
2024-01-09,P0107,NewDrug,1.0,0
2025-07-30,P0253,NewDrug,,0
2024-01-31,P0431,NewDrug,3.0,0
2025-03-13,P0079,NewDrug,3.0,1
2024-03-18,P0129,NewDrug,5.0,0
2024-12-12,P0570,NewDrug,6.0,0
2026-07-25,P0120,NewDrug,,1
2026-07-13,P0989,NewDrug,6.0,1
2024-04-03,P0560,NewDrug,,0
2025-05-22,P0479,NewDrug,5.0,1
2024-04-09,P0028,NewDrug,5.0,1
2025-02-12,P0620,,4.0,1
2024-06-20,P0370,NewDrug,8.0,1
2024-12-26,P0072,NewDrug,5.0,0
2024-07-25,P0065,NewDrug,5.0,0
2025-01-28,P0958,NewDrug,5.0,0
2025-01-30,P0652,NewDrug,6.0,1
2024-11-17,P0553,NewDrug,6.0,1
2025-02-07,P0365,NewDrug,8.0,0
2026-02-03,P0274,NewDrug,4.0,1
2025-12-13,P0020,,6.0,0
2024-04-01,P0675,NewDrug,7.0,1
2026-01-28,P0628,NewDrug,6.0,1
2025-10-22,P0983,NewDrug,3.0,1
2026-05-26,P0632,NewDrug,3.0,0
2024-03-24,P0405,NewDrug,2.0,1
2026-03-21,P0301,NewDrug,4.0,0
2025-05-25,P0366,NewDrug,2.0,1
2024-08-12,P0451,NewDrug,4.0,1
2025-03-25,P0139,NewDrug,,1
2026-07-04,P0203,NewDrug,8.0,0
2026-02-23,P0832,NewDrug,5.0,0
2026-06-05,P0713,NewDrug,5.0,1
2024-05-02,P0448,NewDrug,4.0,0
2025-12-02,P0882,NewDrug,4.0,0
2025-10-07,P0649,NewDrug,4.0,0
2024-08-05,P0314,NewDrug,9.0,1
2024-01-04,P0549,NewDrug,,1
2024-12-01,P0823,NewDrug,6.0,0
2025-01-30,P0671,NewDrug,4.0,0
2025-02-23,P0005,,4.0,0
2024-02-14,P0291,NewDrug,10.0,0
2026-01-06,P0012,NewDrug,5.0,1
2024-08-09,P0442,NewDrug,3.0,1
2025-08-18,P0963,,5.0,1
2025-03-15,P0034,NewDrug,4.0,0
2024-03-18,P0518,NewDrug,8.0,1
2026-02-01,P0215,NewDrug,,1
2024-06-25,P0368,NewDrug,2.0,0
2024-12-11,P0128,NewDrug,8.0,0
2025-10-16,P0668,NewDrug,2.0,1
2026-06-09,P0332,NewDrug,8.0,1
2026-08-08,P0560,,5.0,0
2024-03-21,P0318,NewDrug,5.0,0
2025-01-10,P0530,NewDrug,7.0,1
2024-06-28,P0125,NewDrug,4.0,1
2025-09-23,P0375,NewDrug,6.0,0
2026-09-03,P0201,NewDrug,5.0,0
2025-03-19,P0952,NewDrug,9.0,1
2026-09-05,P0704,NewDrug,7.0,0
2025-11-06,P0371,NewDrug,10.0,0
2025-07-13,P0326,NewDrug,2.0,0
2024-08-01,P0177,NewDrug,4.0,1
2025-09-09,P0601,NewDrug,7.0,1
2024-07-07,P0865,NewDrug,,0
2026-04-16,P0290,NewDrug,3.0,0
2024-07-01,P0338,,5.0,1
2024-03-11,P0231,NewDrug,6.0,0
2026-07-04,P0027,NewDrug,4.0,1
2025-12-19,P0172,NewDrug,4.0,1
2025-11-18,P0599,NewDrug,5.0,0
2026-04-27,P0056,NewDrug,5.0,1
2025-02-25,P0194,NewDrug,1.0,1
2024-11-26,P0571,NewDrug,4.0,1
2026-03-31,P0518,NewDrug,,0
2025-03-16,P0691,NewDrug,6.0,0
2025-11-04,P0026,NewDrug,2.0,1
2025-06-20,P0283,,6.0,1
2024-03-02,P0506,NewDrug,2.0,1
2024-10-27,P0957,NewDrug,4.0,1
2024-05-01,P0716,NewDrug,5.0,0
2025-10-13,P0199,NewDrug,3.0,0
2025-03-23,P0510,NewDrug,3.0,0
2024-12-05,P0949,NewDrug,5.0,1
2025-06-13,P0239,NewDrug,4.0,0
2024-06-28,P0738,NewDrug,3.0,1
2024-12-27,P0028,NewDrug,,0
2025-11-01,P0781,NewDrug,7.0,0
2025-06-17,P0909,NewDrug,4.0,1
2025-09-06,P0938,NewDrug,4.0,0
2025-08-13,P0584,NewDrug,5.0,1
2024-11-17,P0140,NewDrug,10.0,0
2024-11-24,P0451,NewDrug,6.0,1
2025-07-04,P0093,NewDrug,5.0,0
2026-07-06,P0340,NewDrug,7.0,1
2026-03-11,P0105,NewDrug,2.0,1
2024-01-26,P0141,NewDrug,4.0,0
2025-02-26,P0371,NewDrug,5.0,0
2025-11-13,P0248,NewDrug,3.0,1
2026-01-29,P0086,,5.0,1
2025-03-11,P0314,NewDrug,5.0,1
2025-09-30,P0292,NewDrug,3.0,0
2024-05-30,P0681,NewDrug,3.0,0
2025-09-15,P0766,,,1
2026-07-21,P0098,NewDrug,6.0,0
2025-01-17,P0452,NewDrug,4.0,1
2024-08-10,P0941,NewDrug,8.0,1
2026-01-30,P0151,NewDrug,10.0,1
2025-12-07,P0476,NewDrug,,1
2024-09-23,P0834,NewDrug,9.0,0
2024-04-28,P0999,NewDrug,7.0,1
2024-09-14,P0547,NewDrug,2.0,0
2025-02-26,P0195,NewDrug,4.0,0
2026-06-02,P0654,NewDrug,4.0,0
2024-08-06,P0501,NewDrug,,1
2024-09-23,P0375,NewDrug,,1
2026-03-26,P0587,,12.0,0
2026-04-18,P0088,NewDrug,4.0,0
2026-06-27,P0492,NewDrug,4.0,1
2025-08-27,P0319,NewDrug,5.0,1
2026-09-07,P0807,NewDrug,5.0,1
2025-05-11,P0770,NewDrug,5.0,1
2025-03-21,P0486,,4.0,0
2025-11-12,P0449,NewDrug,9.0,0
2026-02-09,P0855,NewDrug,2.0,0
2024-12-02,P0079,NewDrug,3.0,1
2026-04-03,P0329,NewDrug,4.0,1
2024-11-08,P0273,NewDrug,3.0,0
2026-01-31,P0221,NewDrug,3.0,1
2026-01-14,P0242,NewDrug,,1
2026-06-25,P0170,NewDrug,4.0,0
2026-07-27,P0072,NewDrug,9.0,0
2025-09-08,P0779,NewDrug,5.0,0
2025-07-06,P0495,NewDrug,1.0,0
2024-03-14,P0143,NewDrug,5.0,0
2025-10-03,P0671,NewDrug,5.0,1
2026-03-17,P0696,NewDrug,4.0,1
2026-06-28,P0440,NewDrug,4.0,0
2024-12-02,P0395,NewDrug,6.0,1
2024-11-04,P0060,NewDrug,7.0,0
2026-05-24,P0527,NewDrug,6.0,1
2025-01-22,P0535,NewDrug,8.0,1
2025-12-27,P0937,NewDrug,9.0,0
2026-03-26,P0364,NewDrug,6.0,1
2025-04-11,P0295,,6.0,0
2026-01-06,P0714,NewDrug,,0
2025-08-28,P0181,NewDrug,6.0,1
2026-03-23,P0727,NewDrug,3.0,1
2024-01-05,P0435,NewDrug,6.0,0
2025-07-02,P0023,NewDrug,6.0,0
2026-05-13,P0686,NewDrug,4.0,0
2024-07-06,P0558,,6.0,1
2025-12-14,P0850,NewDrug,3.0,0
2024-01-01,P0639,NewDrug,3.0,1
2024-02-05,P0882,NewDrug,,0
2025-07-09,P0982,NewDrug,6.0,1
2024-10-25,P0340,NewDrug,6.0,1
2025-01-14,P0649,NewDrug,4.0,0
2026-02-17,P0362,NewDrug,5.0,1
2024-08-18,P0999,NewDrug,6.0,0
2024-08-09,P0408,NewDrug,7.0,1
2026-02-17,P0429,NewDrug,2.0,0
2024-12-07,P0512,NewDrug,3.0,1
2024-01-16,P0757,NewDrug,4.0,0
2026-06-15,P0844,NewDrug,,1
2024-01-12,P0211,NewDrug,2.0,1
2024-04-18,P0867,NewDrug,8.0,1
2025-06-01,P0771,,4.0,1
2025-09-22,P0629,NewDrug,2.0,1
2025-06-20,P0075,NewDrug,7.0,1
2026-08-30,P0149,NewDrug,7.0,1
2025-12-05,P0768,NewDrug,8.0,1
2025-05-29,P0006,NewDrug,1.0,1
2024-05-21,P0440,NewDrug,9.0,1
2026-03-16,P0543,NewDrug,4.0,0
2025-07-30,P0708,,6.0,0
2025-07-25,P0119,NewDrug,5.0,0
2026-07-09,P0752,,6.0,0
2024-07-27,P0190,NewDrug,5.0,0
2024-10-27,P0901,NewDrug,7.0,1
2024-02-18,P0799,NewDrug,,0
2026-01-03,P0532,NewDrug,,0
2024-08-22,P0595,NewDrug,,1
2024-04-17,P0811,NewDrug,5.0,0
2026-09-13,P0997,NewDrug,2.0,1
2024-06-23,P0091,NewDrug,4.0,1
2024-02-07,P0813,NewDrug,8.0,1
2025-06-16,P0184,NewDrug,3.0,1
2024-10-15,P0454,NewDrug,5.0,1
2024-09-17,P0433,NewDrug,,1
2026-05-03,P0724,NewDrug,6.0,0
2025-05-22,P0640,NewDrug,,1
2025-05-06,P0535,NewDrug,3.0,0
2026-07-24,P0787,NewDrug,,0
2026-09-12,P0239,NewDrug,6.0,0
2025-01-07,P0176,NewDrug,8.0,0
2025-04-08,P0518,NewDrug,,0
2026-07-30,P0906,NewDrug,8.0,0
2024-05-02,P0063,NewDrug,9.0,1
2026-02-11,P0057,,5.0,0
2024-01-15,P0525,NewDrug,7.0,0
2026-01-19,P0606,NewDrug,4.0,1
2026-04-16,P0862,NewDrug,,1
2025-03-19,P0756,NewDrug,9.0,0
2024-03-01,P0648,NewDrug,11.0,1
2026-09-24,P0431,NewDrug,4.0,0
2024-06-02,P0960,NewDrug,5.0,0
2024-07-30,P0928,NewDrug,5.0,1
2026-02-17,P0161,NewDrug,,0
2026-04-18,P0542,NewDrug,5.0,1
2026-09-06,P0082,NewDrug,7.0,0
2024-12-07,P0118,NewDrug,5.0,1
2025-06-23,P0507,NewDrug,5.0,1
2025-10-27,P0235,NewDrug,5.0,0
2024-07-28,P0880,NewDrug,5.0,1
2024-02-19,P0972,NewDrug,6.0,0
2024-01-02,P0045,NewDrug,5.0,1
2025-08-01,P0005,NewDrug,5.0,1
2026-03-19,P0781,NewDrug,4.0,0
2024-07-27,P0045,NewDrug,6.0,1
2024-12-06,P0868,NewDrug,2.0,1
2024-04-05,P0479,NewDrug,6.0,1
2026-07-18,P0879,NewDrug,5.0,1
2025-06-04,P0312,NewDrug,3.0,0
2024-09-05,P0278,NewDrug,9.0,1
2024-09-02,P0424,NewDrug,5.0,1
2024-07-14,P0227,NewDrug,4.0,1
2024-08-28,P0753,NewDrug,7.0,0
2026-05-27,P0919,NewDrug,3.0,1
2025-04-08,P0612,NewDrug,4.0,1
2024-12-23,P0586,NewDrug,3.0,0
2024-05-13,P0851,NewDrug,5.0,0
2025-06-09,P0408,NewDrug,8.0,0
2025-02-01,P0111,NewDrug,5.0,1
2024-04-03,P0200,NewDrug,,0
2024-12-09,P0590,,5.0,1
2025-12-10,P0997,NewDrug,4.0,1
2025-12-24,P0743,,10.0,1
2025-01-10,P0941,,4.0,1
2025-06-24,P0506,NewDrug,5.0,1
2024-12-06,P0262,NewDrug,4.0,1
2025-10-25,P0436,NewDrug,3.0,0
2026-06-23,P0991,NewDrug,4.0,1
2024-12-08,P0970,NewDrug,8.0,1
2025-06-19,P0879,NewDrug,8.0,1
2025-03-08,P0157,NewDrug,4.0,1
2026-07-05,P0689,NewDrug,4.0,0
2025-05-03,P0333,NewDrug,9.0,0
2026-04-29,P0068,NewDrug,5.0,0
2026-02-25,P0511,NewDrug,4.0,1
2025-01-21,P0034,NewDrug,5.0,1
2026-01-19,P0817,NewDrug,4.0,1
2025-12-22,P0455,NewDrug,1.0,0
2025-08-05,P0509,NewDrug,7.0,0
2024-12-22,P0169,NewDrug,7.0,0
2024-09-06,P0381,NewDrug,3.0,1
2024-08-04,P0181,NewDrug,,0
2024-05-30,P0781,NewDrug,5.0,0
2025-07-15,P0851,NewDrug,6.0,0
2026-01-25,P0143,NewDrug,5.0,1
2026-08-26,P0300,NewDrug,,0
2024-09-14,P0409,NewDrug,6.0,1
2024-12-15,P0556,NewDrug,2.0,1
2025-11-27,P0049,NewDrug,5.0,0
2024-10-11,P0495,NewDrug,,1
2026-07-18,P0133,NewDrug,2.0,1
2024-09-08,P0640,NewDrug,6.0,1
2026-06-11,P0409,NewDrug,10.0,1
2025-04-20,P0460,NewDrug,6.0,1
2026-07-26,P0358,NewDrug,2.0,1
2026-04-11,P0106,,4.0,1
2025-03-16,P0900,NewDrug,3.0,0
2025-02-09,P0113,NewDrug,3.0,1
2025-03-14,P0613,NewDrug,6.0,0
2025-04-28,P0883,NewDrug,4.0,1
2024-03-23,P0205,NewDrug,4.0,1
2024-10-14,P0697,NewDrug,6.0,1
2026-07-04,P0541,NewDrug,7.0,0
2026-05-14,P0486,NewDrug,5.0,0
2025-03-18,P0675,NewDrug,3.0,1
2026-05-03,P0508,NewDrug,3.0,0
2026-04-27,P0672,NewDrug,7.0,0
2024-04-27,P0225,NewDrug,,0
2025-08-09,P0592,NewDrug,3.0,0
2025-01-23,P0343,NewDrug,3.0,0
2024-10-07,P0580,NewDrug,7.0,1
2025-08-19,P0658,NewDrug,5.0,0
2024-02-22,P0670,NewDrug,5.0,1
2026-07-03,P0008,NewDrug,10.0,0
2026-06-24,P0293,NewDrug,4.0,1
2024-11-17,P0364,NewDrug,6.0,1
2025-10-11,P0222,NewDrug,3.0,1
2025-07-18,P0848,NewDrug,3.0,1
2024-12-20,P0857,,5.0,0
2026-09-22,P0211,NewDrug,5.0,1
2025-06-15,P0821,NewDrug,8.0,0
2024-03-28,P0658,NewDrug,7.0,0
2026-02-14,P0042,NewDrug,5.0,0
2026-09-04,P0464,NewDrug,9.0,0
2025-10-19,P0097,NewDrug,7.0,0
2024-02-21,P0469,NewDrug,4.0,0
2026-09-15,P0129,NewDrug,5.0,1
2024-04-15,P0748,NewDrug,3.0,1
2024-08-18,P0715,NewDrug,,0
2026-02-25,P0320,NewDrug,5.0,1
2025-05-04,P0898,NewDrug,9.0,1
2025-09-11,P0314,NewDrug,6.0,1
2025-10-02,P0840,NewDrug,4.0,1
2025-05-06,P0573,NewDrug,4.0,0
2025-12-02,P0443,NewDrug,,0
2024-05-27,P0304,NewDrug,5.0,0
2025-05-12,P0909,NewDrug,,0
2025-11-10,P0889,NewDrug,2.0,0
2025-11-05,P0093,NewDrug,5.0,1
2025-10-23,P0610,NewDrug,0.0,1
2025-08-16,P0350,NewDrug,,0
2024-04-02,P0411,NewDrug,4.0,1
2024-11-19,P0257,NewDrug,6.0,0
2024-09-27,P0747,NewDrug,4.0,1
2024-01-18,P0718,NewDrug,2.0,0
2026-08-29,P0415,NewDrug,,1
2024-07-28,P0196,NewDrug,7.0,0
2024-04-30,P0307,NewDrug,5.0,1
2026-02-03,P0173,,7.0,1
2025-01-12,P0506,NewDrug,2.0,0
2025-04-11,P0171,NewDrug,5.0,1
2024-09-24,P0370,NewDrug,8.0,0
2024-01-22,P0167,NewDrug,1.0,0
2025-05-18,P0804,NewDrug,8.0,0
2024-08-11,P0414,NewDrug,,1
2024-03-02,P0275,NewDrug,5.0,1
2025-02-05,P0390,NewDrug,2.0,1
2026-04-25,P0607,NewDrug,5.0,0
2024-11-11,P0598,NewDrug,5.0,1
2025-05-03,P0212,NewDrug,1.0,1
2024-01-15,P0816,NewDrug,3.0,0
2024-04-24,P0976,NewDrug,6.0,1
2025-08-20,P0134,NewDrug,8.0,0
2026-07-20,P0797,NewDrug,6.0,0
2025-09-17,P0788,NewDrug,4.0,0
2025-04-11,P0530,NewDrug,7.0,1
2024-10-11,P0294,NewDrug,9.0,1
2026-03-04,P0293,NewDrug,4.0,1
2026-02-04,P0532,NewDrug,7.0,1
2024-05-04,P0408,NewDrug,3.0,1
2026-08-19,P0600,NewDrug,10.0,0
2026-03-14,P0125,NewDrug,6.0,0
2025-06-07,P0613,,,1
2025-06-22,P0567,NewDrug,4.0,0
2024-11-14,P0213,NewDrug,8.0,0
2026-03-07,P0862,NewDrug,,1
2024-08-27,P0094,NewDrug,6.0,0
2025-08-15,P0414,NewDrug,,1
2024-01-12,P0763,NewDrug,7.0,0
2025-03-09,P0386,NewDrug,2.0,1
2024-02-01,P0451,NewDrug,3.0,0
2026-05-15,P0723,NewDrug,4.0,1
2024-08-31,P0396,NewDrug,4.0,0
2024-04-07,P0439,NewDrug,4.0,0
2024-11-03,P0259,NewDrug,5.0,0
2025-04-28,P0238,NewDrug,7.0,1
2024-08-20,P0507,NewDrug,6.0,1
2024-07-30,P0382,NewDrug,7.0,1
2024-07-28,P0375,NewDrug,6.0,1
2025-07-24,P0738,NewDrug,9.0,1
2025-10-27,P0062,NewDrug,4.0,0
2024-02-18,P0632,NewDrug,4.0,1
2026-09-25,P0416,NewDrug,5.0,1
2024-08-20,P0302,NewDrug,6.0,1
2026-05-05,P0793,NewDrug,,1
2025-01-27,P0781,NewDrug,3.0,0
2025-06-02,P0193,NewDrug,6.0,1
2024-02-18,P0077,NewDrug,7.0,1
2025-11-20,P0565,NewDrug,6.0,0
2025-02-18,P0466,NewDrug,3.0,1
2025-04-17,P0864,NewDrug,6.0,0
2024-04-03,P0382,NewDrug,7.0,0
2025-02-08,P0897,NewDrug,8.0,1
2024-11-11,P0720,NewDrug,8.0,0
2025-07-18,P0221,NewDrug,6.0,0
2026-09-21,P0684,NewDrug,3.0,0
2025-10-08,P0751,NewDrug,8.0,0
2026-04-10,P0059,,3.0,0
2025-10-25,P0333,NewDrug,,1
2026-07-25,P0291,NewDrug,8.0,0
2024-10-26,P0778,NewDrug,5.0,1
2025-08-12,P0130,NewDrug,6.0,0
2025-08-25,P0277,NewDrug,6.0,0
2024-03-30,P0672,NewDrug,,1
2024-02-05,P0061,NewDrug,3.0,0
2026-09-20,P0332,NewDrug,10.0,0
2025-06-13,P0989,NewDrug,3.0,0
2024-09-28,P0554,NewDrug,6.0,0
2024-08-01,P0861,NewDrug,3.0,1
2025-03-12,P0484,NewDrug,7.0,0
2024-10-12,P0268,NewDrug,5.0,0
2024-05-13,P0560,NewDrug,6.0,0
2024-10-16,P0581,NewDrug,2.0,0
2026-07-02,P0026,NewDrug,6.0,1
2025-01-07,P0004,NewDrug,5.0,1
2024-02-07,P0562,NewDrug,3.0,1
2026-03-26,P0546,NewDrug,6.0,0
2026-06-20,P0659,NewDrug,6.0,1
2024-02-21,P0140,NewDrug,2.0,1
2025-11-22,P0272,NewDrug,3.0,0
2026-05-31,P0963,NewDrug,5.0,1
2024-10-04,P0695,NewDrug,5.0,1
2025-03-01,P0189,NewDrug,4.0,0
2024-11-15,P0829,NewDrug,1.0,1
2024-06-22,P0843,NewDrug,3.0,0
2026-02-16,P0269,NewDrug,3.0,1
2024-03-24,P0535,NewDrug,6.0,1
2024-04-29,P0697,NewDrug,5.0,1
2025-10-06,P0430,NewDrug,6.0,1
2025-06-12,P0952,NewDrug,6.0,0
2024-12-02,P0080,NewDrug,3.0,1
2025-10-26,P0706,NewDrug,3.0,0
2026-01-22,P0587,NewDrug,2.0,1
2025-06-29,P0790,NewDrug,2.0,1
2025-03-08,P0874,NewDrug,7.0,1
2025-12-15,P0410,NewDrug,4.0,1
2025-02-13,P0686,NewDrug,1.0,0
2025-09-16,P0811,NewDrug,4.0,1
2024-06-14,P0929,NewDrug,5.0,1
2024-04-06,P0476,NewDrug,4.0,1
2026-05-31,P0761,NewDrug,5.0,0
2025-05-24,P0045,NewDrug,6.0,0
2024-09-03,P0793,NewDrug,5.0,1
2024-06-01,P0545,NewDrug,2.0,1
2026-05-07,P0378,NewDrug,6.0,0
2026-03-08,P0832,NewDrug,2.0,0
2026-02-17,P0450,NewDrug,5.0,0
2025-03-27,P0304,,4.0,0
2025-04-24,P0275,NewDrug,1.0,0
2025-05-28,P0494,NewDrug,13.0,1
2026-01-14,P0408,NewDrug,5.0,0
2025-12-31,P0409,NewDrug,5.0,1
2025-10-28,P0786,NewDrug,5.0,1
2024-09-28,P0468,NewDrug,5.0,1
2025-07-09,P0995,NewDrug,3.0,1
2025-03-02,P0813,NewDrug,3.0,1
2024-07-15,P0645,NewDrug,,0
2025-11-22,P0182,NewDrug,,1
2026-09-13,P0673,NewDrug,5.0,0
2026-03-20,P0340,,3.0,0
2024-04-20,P0780,NewDrug,4.0,0
2024-10-11,P0646,NewDrug,4.0,1
2025-06-19,P0244,NewDrug,7.0,1
2026-03-31,P0852,NewDrug,8.0,0
2025-11-12,P0134,NewDrug,10.0,0
2025-09-23,P0407,NewDrug,5.0,0
2026-05-17,P0374,NewDrug,5.0,1
2026-01-21,P0789,NewDrug,5.0,1
2025-12-09,P0207,NewDrug,2.0,1
2024-06-29,P0458,NewDrug,2.0,1
2025-01-29,P0522,NewDrug,6.0,0
2024-12-26,P0186,NewDrug,7.0,1
2026-06-01,P0709,NewDrug,7.0,1
2025-10-22,P0268,NewDrug,5.0,1
2024-01-08,P0494,NewDrug,8.0,0
2025-01-22,P0836,NewDrug,5.0,1
2024-08-10,P0986,NewDrug,5.0,1
2025-10-30,P0128,NewDrug,,1
2026-07-11,P0945,NewDrug,6.0,0
2025-07-01,P0180,NewDrug,4.0,0
2025-05-29,P0247,NewDrug,,1
2025-04-22,P0086,NewDrug,3.0,1
2024-02-13,P0157,NewDrug,5.0,0
2024-04-16,P0977,NewDrug,4.0,1
2025-08-26,P0354,NewDrug,4.0,0
2026-03-19,P0462,NewDrug,5.0,1
2025-01-16,P0092,NewDrug,2.0,1
2024-12-10,P0014,NewDrug,7.0,0
2025-12-30,P0811,NewDrug,,1
2026-05-14,P0586,NewDrug,7.0,0
2025-04-16,P0618,NewDrug,6.0,0
2026-04-22,P0479,,8.0,1
2024-09-22,P0678,NewDrug,5.0,0
2024-10-22,P0097,NewDrug,2.0,1
2025-10-29,P0681,NewDrug,6.0,0
2024-04-09,P0028,NewDrug,7.0,1
2026-04-29,P0844,NewDrug,6.0,0
2024-10-21,P0131,NewDrug,,1
2024-07-10,P0248,NewDrug,2.0,0
2025-10-30,P0209,NewDrug,3.0,1
2024-07-26,P0331,NewDrug,6.0,0
2026-05-26,P0387,NewDrug,5.0,0
2024-12-13,P0033,NewDrug,3.0,0
2024-05-18,P0587,NewDrug,,0
2024-02-27,P0170,,3.0,0
2024-06-01,P0266,NewDrug,6.0,1
2024-02-28,P0205,,4.0,1
2025-01-29,P0726,NewDrug,4.0,0
2024-02-18,P0949,,4.0,1
2024-03-18,P0027,NewDrug,4.0,1
2024-11-06,P0691,NewDrug,5.0,1
2024-11-22,P0837,NewDrug,4.0,0
2025-12-03,P0598,NewDrug,,0
2024-12-04,P0248,NewDrug,4.0,1
2025-07-01,P0696,NewDrug,1.0,0
2026-07-29,P0030,NewDrug,5.0,1
2026-05-19,P0053,NewDrug,8.0,0
2024-05-29,P0815,NewDrug,4.0,1
2024-02-19,P0306,NewDrug,6.0,0
2025-11-18,P0136,NewDrug,6.0,1
2025-12-27,P0694,NewDrug,,1
2025-06-15,P0169,NewDrug,5.0,0
2024-04-29,P0980,NewDrug,5.0,0
2025-03-27,P0650,NewDrug,,0
2026-05-04,P0164,NewDrug,1.0,0
2024-10-28,P0314,NewDrug,4.0,0
2024-10-15,P0663,NewDrug,5.0,1
2024-04-15,P0859,NewDrug,5.0,0
2024-12-27,P0351,NewDrug,2.0,1
2024-04-25,P0183,NewDrug,6.0,0
2026-02-25,P0200,NewDrug,6.0,1
2025-06-13,P0033,NewDrug,12.0,1
2026-04-06,P0760,NewDrug,5.0,1
2024-03-16,P0924,NewDrug,5.0,0
2025-08-02,P0248,NewDrug,5.0,1
2026-06-07,P0382,NewDrug,4.0,0
2025-02-28,P0397,NewDrug,4.0,0
2025-04-04,P0093,NewDrug,,0
2024-11-30,P0827,NewDrug,3.0,1
2025-12-01,P0584,NewDrug,,0
2024-11-24,P0809,NewDrug,5.0,0
2025-10-29,P0473,NewDrug,,0
2026-06-25,P0258,NewDrug,3.0,0
2024-04-29,P0133,NewDrug,2.0,1
2026-06-05,P0970,NewDrug,5.0,1
2024-10-31,P0922,NewDrug,4.0,0
2025-05-31,P0975,NewDrug,2.0,1
2026-05-25,P0075,NewDrug,3.0,0
2026-08-18,P0459,NewDrug,5.0,1
2025-03-06,P0361,NewDrug,,1
2024-03-24,P0127,NewDrug,7.0,1
2026-06-09,P0756,NewDrug,9.0,0
2024-04-17,P0848,NewDrug,6.0,0
2025-06-01,P0894,NewDrug,7.0,0
2025-07-05,P0195,NewDrug,6.0,1
2026-05-07,P0082,NewDrug,3.0,0
2024-07-27,P0051,NewDrug,6.0,1
2024-04-14,P0268,NewDrug,3.0,0
2026-06-06,P0833,NewDrug,6.0,0
2025-03-05,P0233,,3.0,1
2025-07-10,P0702,NewDrug,5.0,0
2025-05-15,P0413,NewDrug,6.0,1
2025-06-03,P0835,NewDrug,4.0,1
2026-03-24,P0246,NewDrug,6.0,0
2024-03-20,P0166,NewDrug,5.0,0
2026-08-05,P0379,NewDrug,5.0,0
2026-05-25,P0512,NewDrug,3.0,1
2026-09-23,P0955,NewDrug,6.0,0
2026-07-07,P0877,NewDrug,7.0,1
2025-01-29,P0409,NewDrug,8.0,0
2024-01-16,P0831,NewDrug,7.0,1
2025-12-05,P0103,NewDrug,6.0,1
2026-09-10,P0791,NewDrug,8.0,0
2026-04-12,P0215,NewDrug,6.0,0
2024-12-20,P0330,NewDrug,1.0,0
2026-02-04,P0466,NewDrug,5.0,1
2024-10-16,P0030,NewDrug,5.0,1
2026-02-02,P0726,NewDrug,5.0,0
2026-09-23,P0069,NewDrug,8.0,0
2025-04-23,P0921,NewDrug,7.0,1
2024-05-11,P0029,NewDrug,6.0,0
2026-05-25,P0141,NewDrug,3.0,1
2024-07-28,P0753,NewDrug,,1
2025-04-30,P0041,NewDrug,9.0,0
2024-08-24,P0631,NewDrug,5.0,1
2025-03-13,P0259,NewDrug,2.0,0
2026-05-07,P0312,NewDrug,3.0,1
2026-07-25,P0245,NewDrug,4.0,1
2026-09-06,P0769,NewDrug,4.0,1
2025-01-20,P0579,NewDrug,0.0,1
2026-05-01,P0951,NewDrug,1.0,0
2024-03-18,P0240,NewDrug,,0
2024-07-20,P0922,NewDrug,1.0,1
2024-09-16,P0714,NewDrug,1.0,0
2026-05-28,P0713,NewDrug,4.0,0
2025-03-16,P0506,,,1
2024-01-20,P0739,NewDrug,2.0,0
2026-01-11,P0419,NewDrug,3.0,0
2025-08-08,P0142,NewDrug,6.0,0
2025-07-22,P0131,NewDrug,4.0,0
2026-07-16,P0336,NewDrug,5.0,0
2025-03-19,P0807,NewDrug,,0
2024-03-10,P0548,NewDrug,5.0,1
2026-04-14,P0690,NewDrug,5.0,1
2025-07-14,P0788,NewDrug,6.0,1
2024-01-06,P0089,NewDrug,5.0,0
2024-11-20,P0039,NewDrug,3.0,1
2025-10-29,P0732,NewDrug,5.0,0
2024-07-24,P0461,NewDrug,6.0,1
2024-06-01,P0704,NewDrug,5.0,0
2026-01-21,P0284,NewDrug,3.0,1
2025-03-06,P0389,NewDrug,4.0,0
2025-03-11,P0304,NewDrug,4.0,1
2024-03-21,P0779,NewDrug,4.0,1
2026-03-01,P0648,NewDrug,6.0,1
2025-12-18,P0166,NewDrug,7.0,1
2024-01-08,P0285,NewDrug,5.0,0
2024-07-22,P0216,NewDrug,,1
2024-11-20,P0298,NewDrug,3.0,1
2026-01-09,P0554,NewDrug,,0
2024-01-30,P0756,NewDrug,4.0,0
2026-05-23,P0043,NewDrug,5.0,1
2026-08-26,P0576,NewDrug,3.0,1
2026-08-23,P0276,NewDrug,,1
2024-03-16,P0526,NewDrug,4.0,1
2024-11-12,P0039,NewDrug,2.0,1
2024-08-13,P0474,NewDrug,4.0,0
2026-01-28,P0778,NewDrug,5.0,1
2025-07-26,P0189,NewDrug,5.0,1
2025-03-28,P0459,NewDrug,2.0,0
2026-09-20,P0921,NewDrug,,1
2024-04-16,P0624,NewDrug,,1
2026-02-02,P0255,NewDrug,3.0,1
2025-02-03,P0353,NewDrug,5.0,0
2024-02-26,P0767,NewDrug,5.0,1
2025-03-30,P0967,NewDrug,7.0,0
2025-02-14,P0725,NewDrug,5.0,1
2026-03-26,P0172,NewDrug,5.0,1
2024-07-26,P0759,NewDrug,3.0,1
2024-08-19,P0721,NewDrug,5.0,1
2026-04-18,P0722,NewDrug,,0
2025-02-21,P0910,NewDrug,2.0,0
2024-01-06,P0430,NewDrug,2.0,0
2024-01-25,P0994,NewDrug,5.0,1
2026-02-22,P0297,NewDrug,5.0,0
2024-11-21,P0454,NewDrug,5.0,1
2026-06-26,P0677,NewDrug,,1
2024-10-18,P0021,NewDrug,5.0,0
2024-10-02,P0886,NewDrug,3.0,1
2025-12-05,P0887,NewDrug,6.0,1
2024-08-19,P0582,NewDrug,,1
2025-07-24,P0509,NewDrug,4.0,0
2024-08-10,P0297,NewDrug,6.0,0
2025-05-17,P0851,NewDrug,4.0,0
2026-03-01,P0706,NewDrug,5.0,1
2024-06-09,P0242,NewDrug,5.0,0
2025-09-24,P0947,NewDrug,8.0,0
2025-08-29,P0699,NewDrug,5.0,1
2025-06-08,P0422,NewDrug,5.0,1
2025-10-28,P0156,NewDrug,3.0,0
2026-01-09,P0423,NewDrug,6.0,1
2026-02-26,P0067,NewDrug,5.0,1
2025-04-17,P0969,NewDrug,,1
2026-03-21,P0961,NewDrug,7.0,0
2024-04-26,P0500,NewDrug,7.0,1
2025-08-14,P0387,NewDrug,2.0,0
2024-12-18,P0345,NewDrug,,0
2025-03-29,P0130,NewDrug,3.0,0
2025-03-02,P0942,NewDrug,6.0,0
2024-01-26,P0340,NewDrug,2.0,1
2024-05-05,P0324,NewDrug,2.0,1
2025-10-21,P0586,NewDrug,,0
2025-07-10,P0219,,,0
2025-10-29,P0291,NewDrug,7.0,0
2024-06-16,P0984,NewDrug,9.0,1
2024-02-11,P0872,NewDrug,,0
2024-06-24,P0411,NewDrug,5.0,0
2026-03-13,P0952,NewDrug,3.0,0
2024-05-08,P0665,NewDrug,5.0,1
2025-05-31,P0709,NewDrug,9.0,0
2026-02-06,P0899,NewDrug,3.0,0
2026-07-04,P0149,NewDrug,6.0,0
2024-11-26,P0887,NewDrug,5.0,0
2025-07-29,P0024,NewDrug,4.0,1
2024-12-15,P0068,NewDrug,1.0,0
2024-05-02,P0777,NewDrug,6.0,0
2025-01-24,P0661,NewDrug,3.0,1
2024-08-07,P0034,NewDrug,3.0,0
2025-04-16,P0813,NewDrug,1.0,1
2025-07-31,P0964,NewDrug,2.0,0
2026-07-30,P0782,NewDrug,5.0,1
2026-09-24,P0821,NewDrug,3.0,0
2024-11-09,P0464,NewDrug,1.0,1
2024-11-22,P0355,NewDrug,,0
2026-05-19,P0436,NewDrug,2.0,0
2026-06-02,P0160,NewDrug,4.0,1
2026-04-13,P0158,,,1
2025-02-18,P0211,NewDrug,,0
2026-08-12,P0722,NewDrug,5.0,0
2025-09-30,P0034,NewDrug,1.0,0
2026-05-02,P0510,NewDrug,4.0,1
2025-05-28,P0570,NewDrug,9.0,0
2025-11-04,P0720,NewDrug,4.0,1
2024-01-19,P0355,NewDrug,,1
2025-05-31,P0693,NewDrug,5.0,1
2026-02-13,P0082,NewDrug,4.0,0
2026-04-17,P0266,NewDrug,1.0,0
2025-09-14,P0299,NewDrug,4.0,1
2025-05-06,P0855,NewDrug,4.0,0
2025-06-12,P0141,NewDrug,4.0,0
2026-01-28,P0479,,3.0,1
2025-11-24,P0072,NewDrug,4.0,0
2025-03-23,P0724,NewDrug,4.0,1
2024-02-25,P0699,NewDrug,5.0,0
2024-09-18,P0312,NewDrug,2.0,1
2024-11-08,P0486,NewDrug,,1
2025-03-04,P0420,NewDrug,3.0,0
2025-09-02,P0445,NewDrug,2.0,1
2025-12-13,P0158,NewDrug,2.0,1
2025-12-06,P0918,NewDrug,7.0,0
2024-06-27,P0251,NewDrug,3.0,1
2024-12-21,P0205,NewDrug,3.0,1
2024-12-16,P0082,NewDrug,3.0,0
2025-03-01,P0595,NewDrug,5.0,1
2026-04-22,P0982,NewDrug,4.0,0
2025-07-28,P0936,NewDrug,5.0,0
2024-03-14,P0507,NewDrug,4.0,1
2024-09-19,P0074,NewDrug,2.0,1
